Note : P(D|M) is the probability of site D given the model M (i.e., the site likelihood)
P*(D|M,rr[x]) is the scaled probability of site D given the model M and the relative rate
of evolution rr[x], where x is the class of rate to be considered.
The actual conditional probability is given by P*(D|M,rr[x])/2^F, where
F is the scaling factor (see column 'Scaler').
For invariant sites, P(D|M,rr[0]=0) is the actual conditional probability
(i.e., it is not scaled).


Site        P(D|M)         Scaler Pattern  P*(D|M,rr[1]=1.0010)   P*(D|M,rr[2]=1.0001)   P*(D|M,rr[3]=0.9990)   P*(D|M,rr[4]=0.9998)   Posterior mean        NDistinctStates 
1           0.23319        0      0        0.233179               0.233189               0.2332                 0.233192               1                     1               
2           0.23319        0      0        0.233179               0.233189               0.2332                 0.233192               1                     1               
3           0.246985       0      1        0.246973               0.246985               0.246997               0.246988               1                     1               
4           0.228354       0      2        0.228344               0.228353               0.228363               0.228356               1                     1               
5           0.23319        0      0        0.233179               0.233189               0.2332                 0.233192               1                     1               
6           0.247398       0      3        0.247386               0.247397               0.247409               0.247401               1                     1               
7           0.246985       0      1        0.246973               0.246985               0.246997               0.246988               1                     1               
8           0.228354       0      2        0.228344               0.228353               0.228363               0.228356               1                     1               
9           0.228354       0      2        0.228344               0.228353               0.228363               0.228356               1                     1               
10          0.000599694    0      4        0.000600297            0.000599731            0.000599132            0.000599572            1                     2               
11          0.246985       0      1        0.246973               0.246985               0.246997               0.246988               1                     1               
12          0.247398       0      3        0.247386               0.247397               0.247409               0.247401               1                     1               
13          0.247398       0      3        0.247386               0.247397               0.247409               0.247401               1                     1               
14          0.23319        0      0        0.233179               0.233189               0.2332                 0.233192               1                     1               
15          0.23319        0      0        0.233179               0.233189               0.2332                 0.233192               1                     1               
16          0.247398       0      3        0.247386               0.247397               0.247409               0.247401               1                     1               
17          0.228354       0      2        0.228344               0.228353               0.228363               0.228356               1                     1               
18          0.247398       0      3        0.247386               0.247397               0.247409               0.247401               1                     1               
19          0.23319        0      0        0.233179               0.233189               0.2332                 0.233192               1                     1               
20          0.000116671    0      5        0.000116788            0.000116679            0.000116563            0.000116648            1                     2               
21          0.247398       0      3        0.247386               0.247397               0.247409               0.247401               1                     1               
22          0.247398       0      3        0.247386               0.247397               0.247409               0.247401               1                     1               
23          0.228354       0      2        0.228344               0.228353               0.228363               0.228356               1                     1               
24          0.00022478     0      6        0.000225007            0.000224794            0.000224569            0.000224734            1                     2               
25          0.23319        0      0        0.233179               0.233189               0.2332                 0.233192               1                     1               
26          0.228354       0      2        0.228344               0.228353               0.228363               0.228356               1                     1               
27          0.000467844    0      7        0.000468312            0.000467873            0.000467408            0.00046775             1                     2               
28          0.228354       0      2        0.228344               0.228353               0.228363               0.228356               1                     1               
29          0.247398       0      3        0.247386               0.247397               0.247409               0.247401               1                     1               
30          0.23319        0      0        0.233179               0.233189               0.2332                 0.233192               1                     1               
31          0.228354       0      2        0.228344               0.228353               0.228363               0.228356               1                     1               
32          0.228354       0      2        0.228344               0.228353               0.228363               0.228356               1                     1               
33          0.246985       0      1        0.246973               0.246985               0.246997               0.246988               1                     1               
34          7.44236e-05    0      8        7.44982e-05            7.44282e-05            7.4354e-05             7.44085e-05            1                     2               
35          0.246985       0      1        0.246973               0.246985               0.246997               0.246988               1                     1               
36          0.246985       0      1        0.246973               0.246985               0.246997               0.246988               1                     1               
37          0.246985       0      1        0.246973               0.246985               0.246997               0.246988               1                     1               
38          0.228354       0      2        0.228344               0.228353               0.228363               0.228356               1                     1               
39          0.247398       0      3        0.247386               0.247397               0.247409               0.247401               1                     1               
40          0.247398       0      3        0.247386               0.247397               0.247409               0.247401               1                     1               
41          0.247398       0      3        0.247386               0.247397               0.247409               0.247401               1                     1               
42          0.228354       0      2        0.228344               0.228353               0.228363               0.228356               1                     1               
43          0.246985       0      1        0.246973               0.246985               0.246997               0.246988               1                     1               
44          0.23319        0      0        0.233179               0.233189               0.2332                 0.233192               1                     1               
45          0.246985       0      1        0.246973               0.246985               0.246997               0.246988               1                     1               
46          0.247398       0      3        0.247386               0.247397               0.247409               0.247401               1                     1               
47          0.228354       0      2        0.228344               0.228353               0.228363               0.228356               1                     1               
48          0.247398       0      3        0.247386               0.247397               0.247409               0.247401               1                     1               
49          0.247398       0      3        0.247386               0.247397               0.247409               0.247401               1                     1               
50          0.228354       0      2        0.228344               0.228353               0.228363               0.228356               1                     1               
51          0.228354       0      2        0.228344               0.228353               0.228363               0.228356               1                     1               
52          0.246985       0      1        0.246973               0.246985               0.246997               0.246988               1                     1               
53          0.246985       0      1        0.246973               0.246985               0.246997               0.246988               1                     1               
54          0.228354       0      2        0.228344               0.228353               0.228363               0.228356               1                     1               
55          0.23319        0      0        0.233179               0.233189               0.2332                 0.233192               1                     1               
56          0.246985       0      1        0.246973               0.246985               0.246997               0.246988               1                     1               
57          0.247398       0      3        0.247386               0.247397               0.247409               0.247401               1                     1               
58          0.247398       0      3        0.247386               0.247397               0.247409               0.247401               1                     1               
59          0.228354       0      2        0.228344               0.228353               0.228363               0.228356               1                     1               
60          0.23319        0      0        0.233179               0.233189               0.2332                 0.233192               1                     1               
61          0.000191298    0      9        0.000191489            0.000191309            0.000191119            0.000191259            1                     2               
62          0.228354       0      2        0.228344               0.228353               0.228363               0.228356               1                     1               
63          0.228354       0      2        0.228344               0.228353               0.228363               0.228356               1                     1               
64          0.247398       0      3        0.247386               0.247397               0.247409               0.247401               1                     1               
65          0.247398       0      3        0.247386               0.247397               0.247409               0.247401               1                     1               
66          0.228354       0      2        0.228344               0.228353               0.228363               0.228356               1                     1               
67          0.228354       0      2        0.228344               0.228353               0.228363               0.228356               1                     1               
68          0.228354       0      2        0.228344               0.228353               0.228363               0.228356               1                     1               
69          0.246985       0      1        0.246973               0.246985               0.246997               0.246988               1                     1               
70          0.247398       0      3        0.247386               0.247397               0.247409               0.247401               1                     1               
71          0.23319        0      0        0.233179               0.233189               0.2332                 0.233192               1                     1               
72          0.247398       0      3        0.247386               0.247397               0.247409               0.247401               1                     1               
73          0.23319        0      0        0.233179               0.233189               0.2332                 0.233192               1                     1               
74          0.246985       0      1        0.246973               0.246985               0.246997               0.246988               1                     1               
75          0.000169837    0      10       0.000170007            0.000169847            0.000169679            0.000169803            1                     2               
76          0.246985       0      1        0.246973               0.246985               0.246997               0.246988               1                     1               
77          0.247398       0      3        0.247386               0.247397               0.247409               0.247401               1                     1               
78          0.246985       0      1        0.246973               0.246985               0.246997               0.246988               1                     1               
79          8.50759e-05    0      11       8.51612e-05            8.50811e-05            8.49963e-05            8.50586e-05            1                     2               
80          0.228354       0      2        0.228344               0.228353               0.228363               0.228356               1                     1               
81          0.23319        0      0        0.233179               0.233189               0.2332                 0.233192               1                     1               
82          0.247398       0      3        0.247386               0.247397               0.247409               0.247401               1                     1               
83          0.23319        0      0        0.233179               0.233189               0.2332                 0.233192               1                     1               
84          0.247398       0      3        0.247386               0.247397               0.247409               0.247401               1                     1               
85          0.246985       0      1        0.246973               0.246985               0.246997               0.246988               1                     1               
86          0.228354       0      2        0.228344               0.228353               0.228363               0.228356               1                     1               
87          0.23319        0      0        0.233179               0.233189               0.2332                 0.233192               1                     1               
88          0.23319        0      0        0.233179               0.233189               0.2332                 0.233192               1                     1               
89          0.247398       0      3        0.247386               0.247397               0.247409               0.247401               1                     1               
90          0.247398       0      3        0.247386               0.247397               0.247409               0.247401               1                     1               
91          0.247398       0      3        0.247386               0.247397               0.247409               0.247401               1                     1               
92          0.23319        0      0        0.233179               0.233189               0.2332                 0.233192               1                     1               
93          0.246985       0      1        0.246973               0.246985               0.246997               0.246988               1                     1               
94          0.228354       0      2        0.228344               0.228353               0.228363               0.228356               1                     1               
95          0.228354       0      2        0.228344               0.228353               0.228363               0.228356               1                     1               
96          0.000233874    0      12       0.000234108            0.000233888            0.000233656            0.000233827            1                     2               
97          0.228354       0      2        0.228344               0.228353               0.228363               0.228356               1                     1               
98          0.246985       0      1        0.246973               0.246985               0.246997               0.246988               1                     1               
99          0.23319        0      0        0.233179               0.233189               0.2332                 0.233192               1                     1               
100         0.228354       0      2        0.228344               0.228353               0.228363               0.228356               1                     1               
101         0.228354       0      2        0.228344               0.228353               0.228363               0.228356               1                     1               
102         0.23319        0      0        0.233179               0.233189               0.2332                 0.233192               1                     1               
103         0.246985       0      1        0.246973               0.246985               0.246997               0.246988               1                     1               
104         0.228354       0      2        0.228344               0.228353               0.228363               0.228356               1                     1               
105         0.247398       0      3        0.247386               0.247397               0.247409               0.247401               1                     1               
106         0.000351144    0      13       0.000351496            0.000351166            0.000350816            0.000351073            1                     2               
107         0.247398       0      3        0.247386               0.247397               0.247409               0.247401               1                     1               
108         0.23319        0      0        0.233179               0.233189               0.2332                 0.233192               1                     1               
109         0.228354       0      2        0.228344               0.228353               0.228363               0.228356               1                     1               
110         0.247398       0      3        0.247386               0.247397               0.247409               0.247401               1                     1               
111         0.23319        0      0        0.233179               0.233189               0.2332                 0.233192               1                     1               
112         0.247398       0      3        0.247386               0.247397               0.247409               0.247401               1                     1               
113         0.246985       0      1        0.246973               0.246985               0.246997               0.246988               1                     1               
114         0.247398       0      3        0.247386               0.247397               0.247409               0.247401               1                     1               
115         0.246985       0      1        0.246973               0.246985               0.246997               0.246988               1                     1               
116         0.23319        0      0        0.233179               0.233189               0.2332                 0.233192               1                     1               
117         0.23319        0      0        0.233179               0.233189               0.2332                 0.233192               1                     1               
118         0.23319        0      0        0.233179               0.233189               0.2332                 0.233192               1                     1               
119         0.228354       0      2        0.228344               0.228353               0.228363               0.228356               1                     1               
120         0.246985       0      1        0.246973               0.246985               0.246997               0.246988               1                     1               
121         0.228354       0      2        0.228344               0.228353               0.228363               0.228356               1                     1               
122         0.228354       0      2        0.228344               0.228353               0.228363               0.228356               1                     1               
123         0.23319        0      0        0.233179               0.233189               0.2332                 0.233192               1                     1               
124         0.000223621    0      14       0.000223846            0.000223635            0.000223412            0.000223576            1                     2               
125         0.000599309    0      15       0.000599911            0.000599346            0.000598748            0.000599187            1                     2               
126         0.23319        0      0        0.233179               0.233189               0.2332                 0.233192               1                     1               
127         0.246985       0      1        0.246973               0.246985               0.246997               0.246988               1                     1               
128         0.228354       0      2        0.228344               0.228353               0.228363               0.228356               1                     1               
129         0.247398       0      3        0.247386               0.247397               0.247409               0.247401               1                     1               
130         0.246985       0      1        0.246973               0.246985               0.246997               0.246988               1                     1               
131         0.23319        0      0        0.233179               0.233189               0.2332                 0.233192               1                     1               
132         0.246985       0      1        0.246973               0.246985               0.246997               0.246988               1                     1               
133         0.228354       0      2        0.228344               0.228353               0.228363               0.228356               1                     1               
134         0.247398       0      3        0.247386               0.247397               0.247409               0.247401               1                     1               
135         0.247398       0      3        0.247386               0.247397               0.247409               0.247401               1                     1               
136         0.246985       0      1        0.246973               0.246985               0.246997               0.246988               1                     1               
137         0.23319        0      0        0.233179               0.233189               0.2332                 0.233192               1                     1               
138         0.247398       0      3        0.247386               0.247397               0.247409               0.247401               1                     1               
139         0.246985       0      1        0.246973               0.246985               0.246997               0.246988               1                     1               
140         0.000683877    0      16       0.000684563            0.00068392             0.000683238            0.000683739            1                     2               
141         0.23319        0      0        0.233179               0.233189               0.2332                 0.233192               1                     1               
142         0.246985       0      1        0.246973               0.246985               0.246997               0.246988               1                     1               
143         0.23319        0      0        0.233179               0.233189               0.2332                 0.233192               1                     1               
144         0.247398       0      3        0.247386               0.247397               0.247409               0.247401               1                     1               
145         0.228354       0      2        0.228344               0.228353               0.228363               0.228356               1                     1               
146         0.247398       0      3        0.247386               0.247397               0.247409               0.247401               1                     1               
147         0.246985       0      1        0.246973               0.246985               0.246997               0.246988               1                     1               
148         0.247398       0      3        0.247386               0.247397               0.247409               0.247401               1                     1               
149         0.228354       0      2        0.228344               0.228353               0.228363               0.228356               1                     1               
150         0.23319        0      0        0.233179               0.233189               0.2332                 0.233192               1                     1               
151         0.228354       0      2        0.228344               0.228353               0.228363               0.228356               1                     1               
152         0.246985       0      1        0.246973               0.246985               0.246997               0.246988               1                     1               
153         0.228354       0      2        0.228344               0.228353               0.228363               0.228356               1                     1               
154         0.23319        0      0        0.233179               0.233189               0.2332                 0.233192               1                     1               
155         0.247398       0      3        0.247386               0.247397               0.247409               0.247401               1                     1               
156         0.247398       0      3        0.247386               0.247397               0.247409               0.247401               1                     1               
157         0.246985       0      1        0.246973               0.246985               0.246997               0.246988               1                     1               
158         0.246985       0      1        0.246973               0.246985               0.246997               0.246988               1                     1               
159         0.246985       0      1        0.246973               0.246985               0.246997               0.246988               1                     1               
160         0.228354       0      2        0.228344               0.228353               0.228363               0.228356               1                     1               
161         0.246985       0      1        0.246973               0.246985               0.246997               0.246988               1                     1               
162         0.247398       0      3        0.247386               0.247397               0.247409               0.247401               1                     1               
163         0.247398       0      3        0.247386               0.247397               0.247409               0.247401               1                     1               
164         0.246985       0      1        0.246973               0.246985               0.246997               0.246988               1                     1               
165         0.247398       0      3        0.247386               0.247397               0.247409               0.247401               1                     1               
166         0.228354       0      2        0.228344               0.228353               0.228363               0.228356               1                     1               
167         0.228354       0      2        0.228344               0.228353               0.228363               0.228356               1                     1               
168         0.246985       0      1        0.246973               0.246985               0.246997               0.246988               1                     1               
169         0.247398       0      3        0.247386               0.247397               0.247409               0.247401               1                     1               
170         0.228354       0      2        0.228344               0.228353               0.228363               0.228356               1                     1               
171         0.23319        0      0        0.233179               0.233189               0.2332                 0.233192               1                     1               
172         0.228354       0      2        0.228344               0.228353               0.228363               0.228356               1                     1               
173         0.23319        0      0        0.233179               0.233189               0.2332                 0.233192               1                     1               
174         0.246985       0      1        0.246973               0.246985               0.246997               0.246988               1                     1               
175         0.246985       0      1        0.246973               0.246985               0.246997               0.246988               1                     1               
176         0.247398       0      3        0.247386               0.247397               0.247409               0.247401               1                     1               
177         0.23319        0      0        0.233179               0.233189               0.2332                 0.233192               1                     1               
178         0.228354       0      2        0.228344               0.228353               0.228363               0.228356               1                     1               
179         0.247398       0      3        0.247386               0.247397               0.247409               0.247401               1                     1               
180         0.246985       0      1        0.246973               0.246985               0.246997               0.246988               1                     1               
181         0.228354       0      2        0.228344               0.228353               0.228363               0.228356               1                     1               
182         0.23319        0      0        0.233179               0.233189               0.2332                 0.233192               1                     1               
183         0.246985       0      1        0.246973               0.246985               0.246997               0.246988               1                     1               
184         0.23319        0      0        0.233179               0.233189               0.2332                 0.233192               1                     1               
185         0.228354       0      2        0.228344               0.228353               0.228363               0.228356               1                     1               
186         0.246985       0      1        0.246973               0.246985               0.246997               0.246988               1                     1               
187         0.247398       0      3        0.247386               0.247397               0.247409               0.247401               1                     1               
188         0.247398       0      3        0.247386               0.247397               0.247409               0.247401               1                     1               
189         0.228354       0      2        0.228344               0.228353               0.228363               0.228356               1                     1               
190         0.247398       0      3        0.247386               0.247397               0.247409               0.247401               1                     1               
191         0.228354       0      2        0.228344               0.228353               0.228363               0.228356               1                     1               
192         0.247398       0      3        0.247386               0.247397               0.247409               0.247401               1                     1               
193         0.247398       0      3        0.247386               0.247397               0.247409               0.247401               1                     1               
194         0.000233477    0      17       0.00023371             0.000233491            0.000233259            0.000233429            1                     2               
195         0.228354       0      2        0.228344               0.228353               0.228363               0.228356               1                     1               
196         0.246985       0      1        0.246973               0.246985               0.246997               0.246988               1                     1               
197         0.000233874    0      12       0.000234108            0.000233888            0.000233656            0.000233827            1                     2               
198         0.23319        0      0        0.233179               0.233189               0.2332                 0.233192               1                     1               
199         0.23319        0      0        0.233179               0.233189               0.2332                 0.233192               1                     1               
200         0.228354       0      2        0.228344               0.228353               0.228363               0.228356               1                     1               
201         0.246985       0      1        0.246973               0.246985               0.246997               0.246988               1                     1               
202         0.228354       0      2        0.228344               0.228353               0.228363               0.228356               1                     1               
203         0.247398       0      3        0.247386               0.247397               0.247409               0.247401               1                     1               
204         0.23319        0      0        0.233179               0.233189               0.2332                 0.233192               1                     1               
205         0.246985       0      1        0.246973               0.246985               0.246997               0.246988               1                     1               
206         0.228354       0      2        0.228344               0.228353               0.228363               0.228356               1                     1               
207         0.247398       0      3        0.247386               0.247397               0.247409               0.247401               1                     1               
208         0.246985       0      1        0.246973               0.246985               0.246997               0.246988               1                     1               
209         0.246985       0      1        0.246973               0.246985               0.246997               0.246988               1                     1               
210         0.247398       0      3        0.247386               0.247397               0.247409               0.247401               1                     1               
211         0.247398       0      3        0.247386               0.247397               0.247409               0.247401               1                     1               
212         0.246985       0      1        0.246973               0.246985               0.246997               0.246988               1                     1               
213         0.247398       0      3        0.247386               0.247397               0.247409               0.247401               1                     1               
214         0.246985       0      1        0.246973               0.246985               0.246997               0.246988               1                     1               
215         0.247398       0      3        0.247386               0.247397               0.247409               0.247401               1                     1               
216         0.246985       0      1        0.246973               0.246985               0.246997               0.246988               1                     1               
217         0.247398       0      3        0.247386               0.247397               0.247409               0.247401               1                     1               
218         0.228354       0      2        0.228344               0.228353               0.228363               0.228356               1                     1               
219         0.246985       0      1        0.246973               0.246985               0.246997               0.246988               1                     1               
220         0.247398       0      3        0.247386               0.247397               0.247409               0.247401               1                     1               
221         0.246985       0      1        0.246973               0.246985               0.246997               0.246988               1                     1               
222         0.247398       0      3        0.247386               0.247397               0.247409               0.247401               1                     1               
223         0.228354       0      2        0.228344               0.228353               0.228363               0.228356               1                     1               
224         0.228354       0      2        0.228344               0.228353               0.228363               0.228356               1                     1               
225         0.247398       0      3        0.247386               0.247397               0.247409               0.247401               1                     1               
226         0.246985       0      1        0.246973               0.246985               0.246997               0.246988               1                     1               
227         0.246985       0      1        0.246973               0.246985               0.246997               0.246988               1                     1               
228         0.247398       0      3        0.247386               0.247397               0.247409               0.247401               1                     1               
229         0.23319        0      0        0.233179               0.233189               0.2332                 0.233192               1                     1               
230         0.228354       0      2        0.228344               0.228353               0.228363               0.228356               1                     1               
231         0.246985       0      1        0.246973               0.246985               0.246997               0.246988               1                     1               
232         0.23319        0      0        0.233179               0.233189               0.2332                 0.233192               1                     1               
233         0.23319        0      0        0.233179               0.233189               0.2332                 0.233192               1                     1               
234         0.246985       0      1        0.246973               0.246985               0.246997               0.246988               1                     1               
235         0.247398       0      3        0.247386               0.247397               0.247409               0.247401               1                     1               
236         0.247398       0      3        0.247386               0.247397               0.247409               0.247401               1                     1               
237         0.247398       0      3        0.247386               0.247397               0.247409               0.247401               1                     1               
238         0.247398       0      3        0.247386               0.247397               0.247409               0.247401               1                     1               
239         0.247398       0      3        0.247386               0.247397               0.247409               0.247401               1                     1               
240         0.23319        0      0        0.233179               0.233189               0.2332                 0.233192               1                     1               
241         0.228354       0      2        0.228344               0.228353               0.228363               0.228356               1                     1               
242         0.246985       0      1        0.246973               0.246985               0.246997               0.246988               1                     1               
243         0.23319        0      0        0.233179               0.233189               0.2332                 0.233192               1                     1               
244         0.247398       0      3        0.247386               0.247397               0.247409               0.247401               1                     1               
245         0.247398       0      3        0.247386               0.247397               0.247409               0.247401               1                     1               
246         0.228354       0      2        0.228344               0.228353               0.228363               0.228356               1                     1               
247         0.228354       0      2        0.228344               0.228353               0.228363               0.228356               1                     1               
248         0.246985       0      1        0.246973               0.246985               0.246997               0.246988               1                     1               
249         0.23319        0      0        0.233179               0.233189               0.2332                 0.233192               1                     1               
250         0.247398       0      3        0.247386               0.247397               0.247409               0.247401               1                     1               
251         0.247398       0      3        0.247386               0.247397               0.247409               0.247401               1                     1               
252         0.246985       0      1        0.246973               0.246985               0.246997               0.246988               1                     1               
253         0.246985       0      1        0.246973               0.246985               0.246997               0.246988               1                     1               
254         0.23319        0      0        0.233179               0.233189               0.2332                 0.233192               1                     1               
255         0.228354       0      2        0.228344               0.228353               0.228363               0.228356               1                     1               
256         0.246985       0      1        0.246973               0.246985               0.246997               0.246988               1                     1               
257         0.247398       0      3        0.247386               0.247397               0.247409               0.247401               1                     1               
258         0.247398       0      3        0.247386               0.247397               0.247409               0.247401               1                     1               
259         0.246985       0      1        0.246973               0.246985               0.246997               0.246988               1                     1               
260         0.228354       0      2        0.228344               0.228353               0.228363               0.228356               1                     1               
261         0.247398       0      3        0.247386               0.247397               0.247409               0.247401               1                     1               
262         0.000191395    0      18       0.000191587            0.000191407            0.000191216            0.000191356            1                     2               
263         0.246985       0      1        0.246973               0.246985               0.246997               0.246988               1                     1               
264         0.23319        0      0        0.233179               0.233189               0.2332                 0.233192               1                     1               
265         0.246985       0      1        0.246973               0.246985               0.246997               0.246988               1                     1               
266         0.247398       0      3        0.247386               0.247397               0.247409               0.247401               1                     1               
267         0.247398       0      3        0.247386               0.247397               0.247409               0.247401               1                     1               
268         0.246985       0      1        0.246973               0.246985               0.246997               0.246988               1                     1               
269         0.247398       0      3        0.247386               0.247397               0.247409               0.247401               1                     1               
270         0.246985       0      1        0.246973               0.246985               0.246997               0.246988               1                     1               
271         0.247398       0      3        0.247386               0.247397               0.247409               0.247401               1                     1               
272         0.228354       0      2        0.228344               0.228353               0.228363               0.228356               1                     1               
273         0.228354       0      2        0.228344               0.228353               0.228363               0.228356               1                     1               
274         0.228354       0      2        0.228344               0.228353               0.228363               0.228356               1                     1               
275         0.228354       0      2        0.228344               0.228353               0.228363               0.228356               1                     1               
276         0.228354       0      2        0.228344               0.228353               0.228363               0.228356               1                     1               
277         0.247398       0      3        0.247386               0.247397               0.247409               0.247401               1                     1               
278         0.228354       0      2        0.228344               0.228353               0.228363               0.228356               1                     1               
279         0.247398       0      3        0.247386               0.247397               0.247409               0.247401               1                     1               
280         0.246985       0      1        0.246973               0.246985               0.246997               0.246988               1                     1               
281         0.247398       0      3        0.247386               0.247397               0.247409               0.247401               1                     1               
282         0.23319        0      0        0.233179               0.233189               0.2332                 0.233192               1                     1               
283         0.246985       0      1        0.246973               0.246985               0.246997               0.246988               1                     1               
284         0.228354       0      2        0.228344               0.228353               0.228363               0.228356               1                     1               
285         0.228354       0      2        0.228344               0.228353               0.228363               0.228356               1                     1               
286         0.247398       0      3        0.247386               0.247397               0.247409               0.247401               1                     1               
287         0.247398       0      3        0.247386               0.247397               0.247409               0.247401               1                     1               
288         0.247398       0      3        0.247386               0.247397               0.247409               0.247401               1                     1               
289         0.228354       0      2        0.228344               0.228353               0.228363               0.228356               1                     1               
290         0.246985       0      1        0.246973               0.246985               0.246997               0.246988               1                     1               
291         0.246985       0      1        0.246973               0.246985               0.246997               0.246988               1                     1               
292         0.228354       0      2        0.228344               0.228353               0.228363               0.228356               1                     1               
293         0.247398       0      3        0.247386               0.247397               0.247409               0.247401               1                     1               
294         0.246985       0      1        0.246973               0.246985               0.246997               0.246988               1                     1               
295         0.247398       0      3        0.247386               0.247397               0.247409               0.247401               1                     1               
296         0.247398       0      3        0.247386               0.247397               0.247409               0.247401               1                     1               
297         0.000683877    0      16       0.000684563            0.00068392             0.000683238            0.000683739            1                     2               
298         0.228354       0      2        0.228344               0.228353               0.228363               0.228356               1                     1               
299         0.246985       0      1        0.246973               0.246985               0.246997               0.246988               1                     1               
300         0.228354       0      2        0.228344               0.228353               0.228363               0.228356               1                     1               
301         0.23319        0      0        0.233179               0.233189               0.2332                 0.233192               1                     1               
302         0.228354       0      2        0.228344               0.228353               0.228363               0.228356               1                     1               
303         0.23319        0      0        0.233179               0.233189               0.2332                 0.233192               1                     1               
304         0.228354       0      2        0.228344               0.228353               0.228363               0.228356               1                     1               
305         0.228354       0      2        0.228344               0.228353               0.228363               0.228356               1                     1               
306         0.246985       0      1        0.246973               0.246985               0.246997               0.246988               1                     1               
307         0.23319        0      0        0.233179               0.233189               0.2332                 0.233192               1                     1               
308         0.247398       0      3        0.247386               0.247397               0.247409               0.247401               1                     1               
309         0.247398       0      3        0.247386               0.247397               0.247409               0.247401               1                     1               
310         0.246985       0      1        0.246973               0.246985               0.246997               0.246988               1                     1               
311         0.246985       0      1        0.246973               0.246985               0.246997               0.246988               1                     1               
312         0.228354       0      2        0.228344               0.228353               0.228363               0.228356               1                     1               
313         0.228354       0      2        0.228344               0.228353               0.228363               0.228356               1                     1               
314         0.23319        0      0        0.233179               0.233189               0.2332                 0.233192               1                     1               
315         0.247398       0      3        0.247386               0.247397               0.247409               0.247401               1                     1               
316         0.00025545     0      19       0.000255706            0.000255466            0.000255212            0.000255399            1                     2               
317         0.228354       0      2        0.228344               0.228353               0.228363               0.228356               1                     1               
318         0.228354       0      2        0.228344               0.228353               0.228363               0.228356               1                     1               
319         0.247398       0      3        0.247386               0.247397               0.247409               0.247401               1                     1               
320         0.247398       0      3        0.247386               0.247397               0.247409               0.247401               1                     1               
321         0.246985       0      1        0.246973               0.246985               0.246997               0.246988               1                     1               
322         0.23319        0      0        0.233179               0.233189               0.2332                 0.233192               1                     1               
323         0.228354       0      2        0.228344               0.228353               0.228363               0.228356               1                     1               
324         0.246985       0      1        0.246973               0.246985               0.246997               0.246988               1                     1               
325         0.228354       0      2        0.228344               0.228353               0.228363               0.228356               1                     1               
326         0.228354       0      2        0.228344               0.228353               0.228363               0.228356               1                     1               
327         0.247398       0      3        0.247386               0.247397               0.247409               0.247401               1                     1               
328         0.246985       0      1        0.246973               0.246985               0.246997               0.246988               1                     1               
329         0.247398       0      3        0.247386               0.247397               0.247409               0.247401               1                     1               
330         0.246985       0      1        0.246973               0.246985               0.246997               0.246988               1                     1               
331         0.246985       0      1        0.246973               0.246985               0.246997               0.246988               1                     1               
332         0.228354       0      2        0.228344               0.228353               0.228363               0.228356               1                     1               
333         0.23319        0      0        0.233179               0.233189               0.2332                 0.233192               1                     1               
334         0.247398       0      3        0.247386               0.247397               0.247409               0.247401               1                     1               
335         0.000233477    0      17       0.00023371             0.000233491            0.000233259            0.000233429            1                     2               
336         0.246985       0      1        0.246973               0.246985               0.246997               0.246988               1                     1               
337         0.23319        0      0        0.233179               0.233189               0.2332                 0.233192               1                     1               
338         0.247398       0      3        0.247386               0.247397               0.247409               0.247401               1                     1               
339         0.246985       0      1        0.246973               0.246985               0.246997               0.246988               1                     1               
340         0.246985       0      1        0.246973               0.246985               0.246997               0.246988               1                     1               
341         0.23319        0      0        0.233179               0.233189               0.2332                 0.233192               1                     1               
342         0.246985       0      1        0.246973               0.246985               0.246997               0.246988               1                     1               
343         0.247398       0      3        0.247386               0.247397               0.247409               0.247401               1                     1               
344         0.247398       0      3        0.247386               0.247397               0.247409               0.247401               1                     1               
345         0.228354       0      2        0.228344               0.228353               0.228363               0.228356               1                     1               
346         0.000128345    0      20       0.000128474            0.000128353            0.000128224            0.000128319            1                     2               
347         0.246985       0      1        0.246973               0.246985               0.246997               0.246988               1                     1               
348         0.23319        0      0        0.233179               0.233189               0.2332                 0.233192               1                     1               
349         0.228354       0      2        0.228344               0.228353               0.228363               0.228356               1                     1               
350         0.23319        0      0        0.233179               0.233189               0.2332                 0.233192               1                     1               
351         0.228354       0      2        0.228344               0.228353               0.228363               0.228356               1                     1               
352         0.246985       0      1        0.246973               0.246985               0.246997               0.246988               1                     1               
353         0.246985       0      1        0.246973               0.246985               0.246997               0.246988               1                     1               
354         0.246985       0      1        0.246973               0.246985               0.246997               0.246988               1                     1               
355         0.247398       0      3        0.247386               0.247397               0.247409               0.247401               1                     1               
356         0.246985       0      1        0.246973               0.246985               0.246997               0.246988               1                     1               
357         0.247398       0      3        0.247386               0.247397               0.247409               0.247401               1                     1               
358         0.228354       0      2        0.228344               0.228353               0.228363               0.228356               1                     1               
359         0.247398       0      3        0.247386               0.247397               0.247409               0.247401               1                     1               
360         0.246985       0      1        0.246973               0.246985               0.246997               0.246988               1                     1               
361         0.247398       0      3        0.247386               0.247397               0.247409               0.247401               1                     1               
362         0.246985       0      1        0.246973               0.246985               0.246997               0.246988               1                     1               
363         0.247398       0      3        0.247386               0.247397               0.247409               0.247401               1                     1               
364         0.23319        0      0        0.233179               0.233189               0.2332                 0.233192               1                     1               
365         0.247398       0      3        0.247386               0.247397               0.247409               0.247401               1                     1               
366         0.247398       0      3        0.247386               0.247397               0.247409               0.247401               1                     1               
367         0.246985       0      1        0.246973               0.246985               0.246997               0.246988               1                     1               
368         0.246985       0      1        0.246973               0.246985               0.246997               0.246988               1                     1               
369         0.23319        0      0        0.233179               0.233189               0.2332                 0.233192               1                     1               
370         0.228354       0      2        0.228344               0.228353               0.228363               0.228356               1                     1               
371         0.247398       0      3        0.247386               0.247397               0.247409               0.247401               1                     1               
372         0.246985       0      1        0.246973               0.246985               0.246997               0.246988               1                     1               
373         0.228354       0      2        0.228344               0.228353               0.228363               0.228356               1                     1               
374         0.246985       0      1        0.246973               0.246985               0.246997               0.246988               1                     1               
375         0.247398       0      3        0.247386               0.247397               0.247409               0.247401               1                     1               
376         0.000255361    0      21       0.000255617            0.000255377            0.000255122            0.000255309            1                     2               
377         0.228354       0      2        0.228344               0.228353               0.228363               0.228356               1                     1               
378         0.247398       0      3        0.247386               0.247397               0.247409               0.247401               1                     1               
379         0.228354       0      2        0.228344               0.228353               0.228363               0.228356               1                     1               
380         0.247398       0      3        0.247386               0.247397               0.247409               0.247401               1                     1               
381         0.23319        0      0        0.233179               0.233189               0.2332                 0.233192               1                     1               
382         0.228354       0      2        0.228344               0.228353               0.228363               0.228356               1                     1               
383         0.247398       0      3        0.247386               0.247397               0.247409               0.247401               1                     1               
384         0.247398       0      3        0.247386               0.247397               0.247409               0.247401               1                     1               
385         0.246985       0      1        0.246973               0.246985               0.246997               0.246988               1                     1               
386         0.23319        0      0        0.233179               0.233189               0.2332                 0.233192               1                     1               
387         0.247398       0      3        0.247386               0.247397               0.247409               0.247401               1                     1               
388         0.246985       0      1        0.246973               0.246985               0.246997               0.246988               1                     1               
389         0.228354       0      2        0.228344               0.228353               0.228363               0.228356               1                     1               
390         0.228354       0      2        0.228344               0.228353               0.228363               0.228356               1                     1               
391         0.246985       0      1        0.246973               0.246985               0.246997               0.246988               1                     1               
392         0.246985       0      1        0.246973               0.246985               0.246997               0.246988               1                     1               
393         0.247398       0      3        0.247386               0.247397               0.247409               0.247401               1                     1               
394         0.23319        0      0        0.233179               0.233189               0.2332                 0.233192               1                     1               
395         0.246985       0      1        0.246973               0.246985               0.246997               0.246988               1                     1               
396         0.246985       0      1        0.246973               0.246985               0.246997               0.246988               1                     1               
397         0.228354       0      2        0.228344               0.228353               0.228363               0.228356               1                     1               
398         0.246985       0      1        0.246973               0.246985               0.246997               0.246988               1                     1               
399         0.247398       0      3        0.247386               0.247397               0.247409               0.247401               1                     1               
400         0.247398       0      3        0.247386               0.247397               0.247409               0.247401               1                     1               
401         0.247398       0      3        0.247386               0.247397               0.247409               0.247401               1                     1               
402         0.247398       0      3        0.247386               0.247397               0.247409               0.247401               1                     1               
403         0.247398       0      3        0.247386               0.247397               0.247409               0.247401               1                     1               
404         0.246985       0      1        0.246973               0.246985               0.246997               0.246988               1                     1               
405         0.228354       0      2        0.228344               0.228353               0.228363               0.228356               1                     1               
406         0.246985       0      1        0.246973               0.246985               0.246997               0.246988               1                     1               
407         0.246985       0      1        0.246973               0.246985               0.246997               0.246988               1                     1               
408         0.23319        0      0        0.233179               0.233189               0.2332                 0.233192               1                     1               
409         0.246985       0      1        0.246973               0.246985               0.246997               0.246988               1                     1               
410         0.23319        0      0        0.233179               0.233189               0.2332                 0.233192               1                     1               
411         0.23319        0      0        0.233179               0.233189               0.2332                 0.233192               1                     1               
412         0.246985       0      1        0.246973               0.246985               0.246997               0.246988               1                     1               
413         0.228354       0      2        0.228344               0.228353               0.228363               0.228356               1                     1               
414         0.23319        0      0        0.233179               0.233189               0.2332                 0.233192               1                     1               
415         0.247398       0      3        0.247386               0.247397               0.247409               0.247401               1                     1               
416         0.23319        0      0        0.233179               0.233189               0.2332                 0.233192               1                     1               
417         0.246985       0      1        0.246973               0.246985               0.246997               0.246988               1                     1               
418         0.23319        0      0        0.233179               0.233189               0.2332                 0.233192               1                     1               
419         0.228354       0      2        0.228344               0.228353               0.228363               0.228356               1                     1               
420         0.246985       0      1        0.246973               0.246985               0.246997               0.246988               1                     1               
421         0.228354       0      2        0.228344               0.228353               0.228363               0.228356               1                     1               
422         0.247398       0      3        0.247386               0.247397               0.247409               0.247401               1                     1               
423         0.000513315    0      22       0.00051383             0.000513347            0.000512835            0.000513211            1                     2               
424         0.247398       0      3        0.247386               0.247397               0.247409               0.247401               1                     1               
425         0.23319        0      0        0.233179               0.233189               0.2332                 0.233192               1                     1               
426         0.246985       0      1        0.246973               0.246985               0.246997               0.246988               1                     1               
427         0.23319        0      0        0.233179               0.233189               0.2332                 0.233192               1                     1               
428         0.23319        0      0        0.233179               0.233189               0.2332                 0.233192               1                     1               
429         0.23319        0      0        0.233179               0.233189               0.2332                 0.233192               1                     1               
430         0.228354       0      2        0.228344               0.228353               0.228363               0.228356               1                     1               
431         0.228354       0      2        0.228344               0.228353               0.228363               0.228356               1                     1               
432         8.49714e-05    0      23       8.50564e-05            8.49766e-05            8.48921e-05            8.49542e-05            1                     2               
433         0.246985       0      1        0.246973               0.246985               0.246997               0.246988               1                     1               
434         0.228354       0      2        0.228344               0.228353               0.228363               0.228356               1                     1               
435         0.246985       0      1        0.246973               0.246985               0.246997               0.246988               1                     1               
436         6.35992e-05    0      24       6.36628e-05            6.36031e-05            6.35399e-05            6.35863e-05            1                     2               
437         0.23319        0      0        0.233179               0.233189               0.2332                 0.233192               1                     1               
438         0.247398       0      3        0.247386               0.247397               0.247409               0.247401               1                     1               
439         0.23319        0      0        0.233179               0.233189               0.2332                 0.233192               1                     1               
440         0.228354       0      2        0.228344               0.228353               0.228363               0.228356               1                     1               
441         0.246985       0      1        0.246973               0.246985               0.246997               0.246988               1                     1               
442         0.246985       0      1        0.246973               0.246985               0.246997               0.246988               1                     1               
443         0.23319        0      0        0.233179               0.233189               0.2332                 0.233192               1                     1               
444         0.23319        0      0        0.233179               0.233189               0.2332                 0.233192               1                     1               
445         0.23319        0      0        0.233179               0.233189               0.2332                 0.233192               1                     1               
446         0.247398       0      3        0.247386               0.247397               0.247409               0.247401               1                     1               
447         0.247398       0      3        0.247386               0.247397               0.247409               0.247401               1                     1               
448         0.246985       0      1        0.246973               0.246985               0.246997               0.246988               1                     1               
449         0.228354       0      2        0.228344               0.228353               0.228363               0.228356               1                     1               
450         0.228354       0      2        0.228344               0.228353               0.228363               0.228356               1                     1               
451         0.228354       0      2        0.228344               0.228353               0.228363               0.228356               1                     1               
452         0.246985       0      1        0.246973               0.246985               0.246997               0.246988               1                     1               
453         0.23319        0      0        0.233179               0.233189               0.2332                 0.233192               1                     1               
454         0.247398       0      3        0.247386               0.247397               0.247409               0.247401               1                     1               
455         0.247398       0      3        0.247386               0.247397               0.247409               0.247401               1                     1               
456         0.23319        0      0        0.233179               0.233189               0.2332                 0.233192               1                     1               
457         0.247398       0      3        0.247386               0.247397               0.247409               0.247401               1                     1               
458         0.246985       0      1        0.246973               0.246985               0.246997               0.246988               1                     1               
459         0.247398       0      3        0.247386               0.247397               0.247409               0.247401               1                     1               
460         0.23319        0      0        0.233179               0.233189               0.2332                 0.233192               1                     1               
461         0.228354       0      2        0.228344               0.228353               0.228363               0.228356               1                     1               
462         0.23319        0      0        0.233179               0.233189               0.2332                 0.233192               1                     1               
463         0.000468512    0      25       0.000468982            0.000468541            0.000468075            0.000468417            1                     2               
464         0.00025584     0      26       0.000256097            0.000255856            0.000255601            0.000255788            1                     2               
465         0.247398       0      3        0.247386               0.247397               0.247409               0.247401               1                     1               
466         0.23319        0      0        0.233179               0.233189               0.2332                 0.233192               1                     1               
467         0.247398       0      3        0.247386               0.247397               0.247409               0.247401               1                     1               
468         0.246985       0      1        0.246973               0.246985               0.246997               0.246988               1                     1               
469         0.23319        0      0        0.233179               0.233189               0.2332                 0.233192               1                     1               
470         0.228354       0      2        0.228344               0.228353               0.228363               0.228356               1                     1               
471         0.246985       0      1        0.246973               0.246985               0.246997               0.246988               1                     1               
472         0.228354       0      2        0.228344               0.228353               0.228363               0.228356               1                     1               
473         0.246985       0      1        0.246973               0.246985               0.246997               0.246988               1                     1               
474         0.23319        0      0        0.233179               0.233189               0.2332                 0.233192               1                     1               
475         0.247398       0      3        0.247386               0.247397               0.247409               0.247401               1                     1               
476         0.228354       0      2        0.228344               0.228353               0.228363               0.228356               1                     1               
477         0.247398       0      3        0.247386               0.247397               0.247409               0.247401               1                     1               
478         0.246985       0      1        0.246973               0.246985               0.246997               0.246988               1                     1               
479         0.247398       0      3        0.247386               0.247397               0.247409               0.247401               1                     1               
480         0.247398       0      3        0.247386               0.247397               0.247409               0.247401               1                     1               
481         0.228354       0      2        0.228344               0.228353               0.228363               0.228356               1                     1               
482         0.228354       0      2        0.228344               0.228353               0.228363               0.228356               1                     1               
483         0.228354       0      2        0.228344               0.228353               0.228363               0.228356               1                     1               
484         0.246985       0      1        0.246973               0.246985               0.246997               0.246988               1                     1               
485         0.247398       0      3        0.247386               0.247397               0.247409               0.247401               1                     1               
486         0.228354       0      2        0.228344               0.228353               0.228363               0.228356               1                     1               
487         0.23319        0      0        0.233179               0.233189               0.2332                 0.233192               1                     1               
488         0.246985       0      1        0.246973               0.246985               0.246997               0.246988               1                     1               
489         0.246985       0      1        0.246973               0.246985               0.246997               0.246988               1                     1               
490         0.228354       0      2        0.228344               0.228353               0.228363               0.228356               1                     1               
491         0.246985       0      1        0.246973               0.246985               0.246997               0.246988               1                     1               
492         0.23319        0      0        0.233179               0.233189               0.2332                 0.233192               1                     1               
493         0.246985       0      1        0.246973               0.246985               0.246997               0.246988               1                     1               
494         0.246985       0      1        0.246973               0.246985               0.246997               0.246988               1                     1               
495         0.23319        0      0        0.233179               0.233189               0.2332                 0.233192               1                     1               
496         0.247398       0      3        0.247386               0.247397               0.247409               0.247401               1                     1               
497         0.246985       0      1        0.246973               0.246985               0.246997               0.246988               1                     1               
498         0.228354       0      2        0.228344               0.228353               0.228363               0.228356               1                     1               
499         0.247398       0      3        0.247386               0.247397               0.247409               0.247401               1                     1               
500         0.23319        0      0        0.233179               0.233189               0.2332                 0.233192               1                     1               
501         0.23319        0      0        0.233179               0.233189               0.2332                 0.233192               1                     1               
502         0.246985       0      1        0.246973               0.246985               0.246997               0.246988               1                     1               
503         0.246985       0      1        0.246973               0.246985               0.246997               0.246988               1                     1               
504         0.247398       0      3        0.247386               0.247397               0.247409               0.247401               1                     1               
505         0.23319        0      0        0.233179               0.233189               0.2332                 0.233192               1                     1               
506         0.23319        0      0        0.233179               0.233189               0.2332                 0.233192               1                     1               
507         0.23319        0      0        0.233179               0.233189               0.2332                 0.233192               1                     1               
508         0.000191848    0      27       0.000192041            0.00019186             0.000191669            0.000191809            1                     2               
509         0.23319        0      0        0.233179               0.233189               0.2332                 0.233192               1                     1               
510         0.23319        0      0        0.233179               0.233189               0.2332                 0.233192               1                     1               
511         0.228354       0      2        0.228344               0.228353               0.228363               0.228356               1                     1               
512         0.246985       0      1        0.246973               0.246985               0.246997               0.246988               1                     1               
513         0.247398       0      3        0.247386               0.247397               0.247409               0.247401               1                     1               
514         0.23319        0      0        0.233179               0.233189               0.2332                 0.233192               1                     1               
515         0.23319        0      0        0.233179               0.233189               0.2332                 0.233192               1                     1               
516         0.23319        0      0        0.233179               0.233189               0.2332                 0.233192               1                     1               
517         0.23319        0      0        0.233179               0.233189               0.2332                 0.233192               1                     1               
518         0.246985       0      1        0.246973               0.246985               0.246997               0.246988               1                     1               
519         0.000233816    0      28       0.00023405             0.00023383             0.000233597            0.000233768            1                     2               
520         0.228354       0      2        0.228344               0.228353               0.228363               0.228356               1                     1               
521         0.246985       0      1        0.246973               0.246985               0.246997               0.246988               1                     1               
522         0.246985       0      1        0.246973               0.246985               0.246997               0.246988               1                     1               
523         0.246985       0      1        0.246973               0.246985               0.246997               0.246988               1                     1               
524         0.23319        0      0        0.233179               0.233189               0.2332                 0.233192               1                     1               
525         0.23319        0      0        0.233179               0.233189               0.2332                 0.233192               1                     1               
526         0.246985       0      1        0.246973               0.246985               0.246997               0.246988               1                     1               
527         0.23319        0      0        0.233179               0.233189               0.2332                 0.233192               1                     1               
528         0.23319        0      0        0.233179               0.233189               0.2332                 0.233192               1                     1               
529         0.23319        0      0        0.233179               0.233189               0.2332                 0.233192               1                     1               
530         0.23319        0      0        0.233179               0.233189               0.2332                 0.233192               1                     1               
531         0.228354       0      2        0.228344               0.228353               0.228363               0.228356               1                     1               
532         0.23319        0      0        0.233179               0.233189               0.2332                 0.233192               1                     1               
533         0.228354       0      2        0.228344               0.228353               0.228363               0.228356               1                     1               
534         0.247398       0      3        0.247386               0.247397               0.247409               0.247401               1                     1               
535         0.246985       0      1        0.246973               0.246985               0.246997               0.246988               1                     1               
536         0.23319        0      0        0.233179               0.233189               0.2332                 0.233192               1                     1               
537         0.228354       0      2        0.228344               0.228353               0.228363               0.228356               1                     1               
538         0.247398       0      3        0.247386               0.247397               0.247409               0.247401               1                     1               
539         0.23319        0      0        0.233179               0.233189               0.2332                 0.233192               1                     1               
540         0.23319        0      0        0.233179               0.233189               0.2332                 0.233192               1                     1               
541         0.228354       0      2        0.228344               0.228353               0.228363               0.228356               1                     1               
542         0.23319        0      0        0.233179               0.233189               0.2332                 0.233192               1                     1               
543         0.247398       0      3        0.247386               0.247397               0.247409               0.247401               1                     1               
544         0.23319        0      0        0.233179               0.233189               0.2332                 0.233192               1                     1               
545         0.228354       0      2        0.228344               0.228353               0.228363               0.228356               1                     1               
546         0.23319        0      0        0.233179               0.233189               0.2332                 0.233192               1                     1               
547         0.228354       0      2        0.228344               0.228353               0.228363               0.228356               1                     1               
548         0.23319        0      0        0.233179               0.233189               0.2332                 0.233192               1                     1               
549         7.44114e-05    0      29       7.44861e-05            7.44161e-05            7.43419e-05            7.43964e-05            1                     2               
550         0.23319        0      0        0.233179               0.233189               0.2332                 0.233192               1                     1               
551         0.23319        0      0        0.233179               0.233189               0.2332                 0.233192               1                     1               
552         0.23319        0      0        0.233179               0.233189               0.2332                 0.233192               1                     1               
553         0.23319        0      0        0.233179               0.233189               0.2332                 0.233192               1                     1               
554         0.23319        0      0        0.233179               0.233189               0.2332                 0.233192               1                     1               
555         0.246985       0      1        0.246973               0.246985               0.246997               0.246988               1                     1               
556         0.247398       0      3        0.247386               0.247397               0.247409               0.247401               1                     1               
557         0.23319        0      0        0.233179               0.233189               0.2332                 0.233192               1                     1               
558         0.247398       0      3        0.247386               0.247397               0.247409               0.247401               1                     1               
559         0.247398       0      3        0.247386               0.247397               0.247409               0.247401               1                     1               
560         0.23319        0      0        0.233179               0.233189               0.2332                 0.233192               1                     1               
561         0.246985       0      1        0.246973               0.246985               0.246997               0.246988               1                     1               
562         0.246985       0      1        0.246973               0.246985               0.246997               0.246988               1                     1               
563         0.228354       0      2        0.228344               0.228353               0.228363               0.228356               1                     1               
564         0.23319        0      0        0.233179               0.233189               0.2332                 0.233192               1                     1               
565         0.228354       0      2        0.228344               0.228353               0.228363               0.228356               1                     1               
566         0.247398       0      3        0.247386               0.247397               0.247409               0.247401               1                     1               
567         0.23319        0      0        0.233179               0.233189               0.2332                 0.233192               1                     1               
568         0.247398       0      3        0.247386               0.247397               0.247409               0.247401               1                     1               
569         0.228354       0      2        0.228344               0.228353               0.228363               0.228356               1                     1               
570         0.246985       0      1        0.246973               0.246985               0.246997               0.246988               1                     1               
571         0.23319        0      0        0.233179               0.233189               0.2332                 0.233192               1                     1               
572         0.246985       0      1        0.246973               0.246985               0.246997               0.246988               1                     1               
573         0.246985       0      1        0.246973               0.246985               0.246997               0.246988               1                     1               
574         0.246985       0      1        0.246973               0.246985               0.246997               0.246988               1                     1               
575         0.228354       0      2        0.228344               0.228353               0.228363               0.228356               1                     1               
576         0.228354       0      2        0.228344               0.228353               0.228363               0.228356               1                     1               
577         0.23319        0      0        0.233179               0.233189               0.2332                 0.233192               1                     1               
578         0.247398       0      3        0.247386               0.247397               0.247409               0.247401               1                     1               
579         0.246985       0      1        0.246973               0.246985               0.246997               0.246988               1                     1               
580         0.228354       0      2        0.228344               0.228353               0.228363               0.228356               1                     1               
581         0.247398       0      3        0.247386               0.247397               0.247409               0.247401               1                     1               
582         0.247398       0      3        0.247386               0.247397               0.247409               0.247401               1                     1               
583         0.246985       0      1        0.246973               0.246985               0.246997               0.246988               1                     1               
584         0.246985       0      1        0.246973               0.246985               0.246997               0.246988               1                     1               
585         0.23319        0      0        0.233179               0.233189               0.2332                 0.233192               1                     1               
586         0.23319        0      0        0.233179               0.233189               0.2332                 0.233192               1                     1               
587         0.247398       0      3        0.247386               0.247397               0.247409               0.247401               1                     1               
588         0.247398       0      3        0.247386               0.247397               0.247409               0.247401               1                     1               
589         0.228354       0      2        0.228344               0.228353               0.228363               0.228356               1                     1               
590         0.246985       0      1        0.246973               0.246985               0.246997               0.246988               1                     1               
591         0.23319        0      0        0.233179               0.233189               0.2332                 0.233192               1                     1               
592         0.23319        0      0        0.233179               0.233189               0.2332                 0.233192               1                     1               
593         0.228354       0      2        0.228344               0.228353               0.228363               0.228356               1                     1               
594         0.246985       0      1        0.246973               0.246985               0.246997               0.246988               1                     1               
595         0.246985       0      1        0.246973               0.246985               0.246997               0.246988               1                     1               
596         0.23319        0      0        0.233179               0.233189               0.2332                 0.233192               1                     1               
597         0.228354       0      2        0.228344               0.228353               0.228363               0.228356               1                     1               
598         0.23319        0      0        0.233179               0.233189               0.2332                 0.233192               1                     1               
599         0.246985       0      1        0.246973               0.246985               0.246997               0.246988               1                     1               
600         0.246985       0      1        0.246973               0.246985               0.246997               0.246988               1                     1               
601         0.247398       0      3        0.247386               0.247397               0.247409               0.247401               1                     1               
602         0.228354       0      2        0.228344               0.228353               0.228363               0.228356               1                     1               
603         0.23319        0      0        0.233179               0.233189               0.2332                 0.233192               1                     1               
604         0.23319        0      0        0.233179               0.233189               0.2332                 0.233192               1                     1               
605         0.247398       0      3        0.247386               0.247397               0.247409               0.247401               1                     1               
606         0.23319        0      0        0.233179               0.233189               0.2332                 0.233192               1                     1               
607         0.246985       0      1        0.246973               0.246985               0.246997               0.246988               1                     1               
608         0.228354       0      2        0.228344               0.228353               0.228363               0.228356               1                     1               
609         0.247398       0      3        0.247386               0.247397               0.247409               0.247401               1                     1               
610         0.247398       0      3        0.247386               0.247397               0.247409               0.247401               1                     1               
611         0.23319        0      0        0.233179               0.233189               0.2332                 0.233192               1                     1               
612         0.247398       0      3        0.247386               0.247397               0.247409               0.247401               1                     1               
613         0.23319        0      0        0.233179               0.233189               0.2332                 0.233192               1                     1               
614         0.246985       0      1        0.246973               0.246985               0.246997               0.246988               1                     1               
615         0.23319        0      0        0.233179               0.233189               0.2332                 0.233192               1                     1               
616         0.246985       0      1        0.246973               0.246985               0.246997               0.246988               1                     1               
617         0.247398       0      3        0.247386               0.247397               0.247409               0.247401               1                     1               
618         0.228354       0      2        0.228344               0.228353               0.228363               0.228356               1                     1               
619         0.228354       0      2        0.228344               0.228353               0.228363               0.228356               1                     1               
620         0.246985       0      1        0.246973               0.246985               0.246997               0.246988               1                     1               
621         0.228354       0      2        0.228344               0.228353               0.228363               0.228356               1                     1               
622         0.247398       0      3        0.247386               0.247397               0.247409               0.247401               1                     1               
623         0.23319        0      0        0.233179               0.233189               0.2332                 0.233192               1                     1               
624         0.228354       0      2        0.228344               0.228353               0.228363               0.228356               1                     1               
625         0.23319        0      0        0.233179               0.233189               0.2332                 0.233192               1                     1               
626         0.247398       0      3        0.247386               0.247397               0.247409               0.247401               1                     1               
627         0.228354       0      2        0.228344               0.228353               0.228363               0.228356               1                     1               
628         0.23319        0      0        0.233179               0.233189               0.2332                 0.233192               1                     1               
629         0.247398       0      3        0.247386               0.247397               0.247409               0.247401               1                     1               
630         0.246985       0      1        0.246973               0.246985               0.246997               0.246988               1                     1               
631         0.246985       0      1        0.246973               0.246985               0.246997               0.246988               1                     1               
632         0.247398       0      3        0.247386               0.247397               0.247409               0.247401               1                     1               
633         0.228354       0      2        0.228344               0.228353               0.228363               0.228356               1                     1               
634         0.247398       0      3        0.247386               0.247397               0.247409               0.247401               1                     1               
635         0.228354       0      2        0.228344               0.228353               0.228363               0.228356               1                     1               
636         0.228354       0      2        0.228344               0.228353               0.228363               0.228356               1                     1               
637         0.23319        0      0        0.233179               0.233189               0.2332                 0.233192               1                     1               
638         0.23319        0      0        0.233179               0.233189               0.2332                 0.233192               1                     1               
639         0.246985       0      1        0.246973               0.246985               0.246997               0.246988               1                     1               
640         0.23319        0      0        0.233179               0.233189               0.2332                 0.233192               1                     1               
641         0.23319        0      0        0.233179               0.233189               0.2332                 0.233192               1                     1               
642         0.247398       0      3        0.247386               0.247397               0.247409               0.247401               1                     1               
643         0.000149612    0      30       0.000149763            0.000149621            0.000149471            0.000149581            1                     2               
644         0.228354       0      2        0.228344               0.228353               0.228363               0.228356               1                     1               
645         0.246985       0      1        0.246973               0.246985               0.246997               0.246988               1                     1               
646         0.228354       0      2        0.228344               0.228353               0.228363               0.228356               1                     1               
647         0.247398       0      3        0.247386               0.247397               0.247409               0.247401               1                     1               
648         0.246985       0      1        0.246973               0.246985               0.246997               0.246988               1                     1               
649         0.23319        0      0        0.233179               0.233189               0.2332                 0.233192               1                     1               
650         0.228354       0      2        0.228344               0.228353               0.228363               0.228356               1                     1               
651         0.246985       0      1        0.246973               0.246985               0.246997               0.246988               1                     1               
652         0.247398       0      3        0.247386               0.247397               0.247409               0.247401               1                     1               
653         0.228354       0      2        0.228344               0.228353               0.228363               0.228356               1                     1               
654         0.228354       0      2        0.228344               0.228353               0.228363               0.228356               1                     1               
655         0.247398       0      3        0.247386               0.247397               0.247409               0.247401               1                     1               
656         0.23319        0      0        0.233179               0.233189               0.2332                 0.233192               1                     1               
657         0.247398       0      3        0.247386               0.247397               0.247409               0.247401               1                     1               
658         0.247398       0      3        0.247386               0.247397               0.247409               0.247401               1                     1               
659         0.228354       0      2        0.228344               0.228353               0.228363               0.228356               1                     1               
660         0.23319        0      0        0.233179               0.233189               0.2332                 0.233192               1                     1               
661         0.247398       0      3        0.247386               0.247397               0.247409               0.247401               1                     1               
662         0.228354       0      2        0.228344               0.228353               0.228363               0.228356               1                     1               
663         0.0002236      0      31       0.000223824            0.000223614            0.000223391            0.000223554            1                     2               
664         0.23319        0      0        0.233179               0.233189               0.2332                 0.233192               1                     1               
665         0.23319        0      0        0.233179               0.233189               0.2332                 0.233192               1                     1               
666         0.246985       0      1        0.246973               0.246985               0.246997               0.246988               1                     1               
667         0.247398       0      3        0.247386               0.247397               0.247409               0.247401               1                     1               
668         0.246985       0      1        0.246973               0.246985               0.246997               0.246988               1                     1               
669         0.247398       0      3        0.247386               0.247397               0.247409               0.247401               1                     1               
670         0.247398       0      3        0.247386               0.247397               0.247409               0.247401               1                     1               
671         0.228354       0      2        0.228344               0.228353               0.228363               0.228356               1                     1               
672         0.247398       0      3        0.247386               0.247397               0.247409               0.247401               1                     1               
673         0.246985       0      1        0.246973               0.246985               0.246997               0.246988               1                     1               
674         0.246985       0      1        0.246973               0.246985               0.246997               0.246988               1                     1               
675         0.247398       0      3        0.247386               0.247397               0.247409               0.247401               1                     1               
676         0.247398       0      3        0.247386               0.247397               0.247409               0.247401               1                     1               
677         0.246985       0      1        0.246973               0.246985               0.246997               0.246988               1                     1               
678         0.246985       0      1        0.246973               0.246985               0.246997               0.246988               1                     1               
679         0.23319        0      0        0.233179               0.233189               0.2332                 0.233192               1                     1               
680         0.228354       0      2        0.228344               0.228353               0.228363               0.228356               1                     1               
681         0.246985       0      1        0.246973               0.246985               0.246997               0.246988               1                     1               
682         0.246985       0      1        0.246973               0.246985               0.246997               0.246988               1                     1               
683         0.247398       0      3        0.247386               0.247397               0.247409               0.247401               1                     1               
684         0.228354       0      2        0.228344               0.228353               0.228363               0.228356               1                     1               
685         0.228354       0      2        0.228344               0.228353               0.228363               0.228356               1                     1               
686         0.23319        0      0        0.233179               0.233189               0.2332                 0.233192               1                     1               
687         0.247398       0      3        0.247386               0.247397               0.247409               0.247401               1                     1               
688         0.23319        0      0        0.233179               0.233189               0.2332                 0.233192               1                     1               
689         0.228354       0      2        0.228344               0.228353               0.228363               0.228356               1                     1               
690         0.23319        0      0        0.233179               0.233189               0.2332                 0.233192               1                     1               
691         0.23319        0      0        0.233179               0.233189               0.2332                 0.233192               1                     1               
692         0.228354       0      2        0.228344               0.228353               0.228363               0.228356               1                     1               
693         0.23319        0      0        0.233179               0.233189               0.2332                 0.233192               1                     1               
694         0.23319        0      0        0.233179               0.233189               0.2332                 0.233192               1                     1               
695         0.246985       0      1        0.246973               0.246985               0.246997               0.246988               1                     1               
696         0.228354       0      2        0.228344               0.228353               0.228363               0.228356               1                     1               
697         0.246985       0      1        0.246973               0.246985               0.246997               0.246988               1                     1               
698         0.23319        0      0        0.233179               0.233189               0.2332                 0.233192               1                     1               
699         0.247398       0      3        0.247386               0.247397               0.247409               0.247401               1                     1               
700         0.228354       0      2        0.228344               0.228353               0.228363               0.228356               1                     1               
701         0.228354       0      2        0.228344               0.228353               0.228363               0.228356               1                     1               
702         0.23319        0      0        0.233179               0.233189               0.2332                 0.233192               1                     1               
703         0.246985       0      1        0.246973               0.246985               0.246997               0.246988               1                     1               
704         0.23319        0      0        0.233179               0.233189               0.2332                 0.233192               1                     1               
705         0.23319        0      0        0.233179               0.233189               0.2332                 0.233192               1                     1               
706         0.000148782    0      32       0.000148931            0.000148791            0.000148643            0.000148751            1                     2               
707         0.246985       0      1        0.246973               0.246985               0.246997               0.246988               1                     1               
708         0.228354       0      2        0.228344               0.228353               0.228363               0.228356               1                     1               
709         0.246985       0      1        0.246973               0.246985               0.246997               0.246988               1                     1               
710         0.246985       0      1        0.246973               0.246985               0.246997               0.246988               1                     1               
711         0.247398       0      3        0.247386               0.247397               0.247409               0.247401               1                     1               
712         0.228354       0      2        0.228344               0.228353               0.228363               0.228356               1                     1               
713         0.247398       0      3        0.247386               0.247397               0.247409               0.247401               1                     1               
714         0.247398       0      3        0.247386               0.247397               0.247409               0.247401               1                     1               
715         0.23319        0      0        0.233179               0.233189               0.2332                 0.233192               1                     1               
716         0.247398       0      3        0.247386               0.247397               0.247409               0.247401               1                     1               
717         0.246985       0      1        0.246973               0.246985               0.246997               0.246988               1                     1               
718         0.246985       0      1        0.246973               0.246985               0.246997               0.246988               1                     1               
719         0.246985       0      1        0.246973               0.246985               0.246997               0.246988               1                     1               
720         0.247398       0      3        0.247386               0.247397               0.247409               0.247401               1                     1               
721         0.247398       0      3        0.247386               0.247397               0.247409               0.247401               1                     1               
722         0.246985       0      1        0.246973               0.246985               0.246997               0.246988               1                     1               
723         0.23319        0      0        0.233179               0.233189               0.2332                 0.233192               1                     1               
724         0.246985       0      1        0.246973               0.246985               0.246997               0.246988               1                     1               
725         0.23319        0      0        0.233179               0.233189               0.2332                 0.233192               1                     1               
726         0.228354       0      2        0.228344               0.228353               0.228363               0.228356               1                     1               
727         0.247398       0      3        0.247386               0.247397               0.247409               0.247401               1                     1               
728         0.23319        0      0        0.233179               0.233189               0.2332                 0.233192               1                     1               
729         0.23319        0      0        0.233179               0.233189               0.2332                 0.233192               1                     1               
730         0.23319        0      0        0.233179               0.233189               0.2332                 0.233192               1                     1               
731         0.228354       0      2        0.228344               0.228353               0.228363               0.228356               1                     1               
732         0.246985       0      1        0.246973               0.246985               0.246997               0.246988               1                     1               
733         0.000127435    0      33       0.000127563            0.000127443            0.000127316            0.000127409            1                     2               
734         0.23319        0      0        0.233179               0.233189               0.2332                 0.233192               1                     1               
735         0.228354       0      2        0.228344               0.228353               0.228363               0.228356               1                     1               
736         0.23319        0      0        0.233179               0.233189               0.2332                 0.233192               1                     1               
737         0.228354       0      2        0.228344               0.228353               0.228363               0.228356               1                     1               
738         0.228354       0      2        0.228344               0.228353               0.228363               0.228356               1                     1               
739         0.23319        0      0        0.233179               0.233189               0.2332                 0.233192               1                     1               
740         0.247398       0      3        0.247386               0.247397               0.247409               0.247401               1                     1               
741         0.246985       0      1        0.246973               0.246985               0.246997               0.246988               1                     1               
742         0.246985       0      1        0.246973               0.246985               0.246997               0.246988               1                     1               
743         0.228354       0      2        0.228344               0.228353               0.228363               0.228356               1                     1               
744         0.23319        0      0        0.233179               0.233189               0.2332                 0.233192               1                     1               
745         0.23319        0      0        0.233179               0.233189               0.2332                 0.233192               1                     1               
746         0.247398       0      3        0.247386               0.247397               0.247409               0.247401               1                     1               
747         0.246985       0      1        0.246973               0.246985               0.246997               0.246988               1                     1               
748         0.228354       0      2        0.228344               0.228353               0.228363               0.228356               1                     1               
749         0.23319        0      0        0.233179               0.233189               0.2332                 0.233192               1                     1               
750         0.23319        0      0        0.233179               0.233189               0.2332                 0.233192               1                     1               
751         0.228354       0      2        0.228344               0.228353               0.228363               0.228356               1                     1               
752         0.23319        0      0        0.233179               0.233189               0.2332                 0.233192               1                     1               
753         0.246985       0      1        0.246973               0.246985               0.246997               0.246988               1                     1               
754         0.246985       0      1        0.246973               0.246985               0.246997               0.246988               1                     1               
755         0.228354       0      2        0.228344               0.228353               0.228363               0.228356               1                     1               
756         0.228354       0      2        0.228344               0.228353               0.228363               0.228356               1                     1               
757         0.23319        0      0        0.233179               0.233189               0.2332                 0.233192               1                     1               
758         0.246985       0      1        0.246973               0.246985               0.246997               0.246988               1                     1               
759         0.246985       0      1        0.246973               0.246985               0.246997               0.246988               1                     1               
760         0.228354       0      2        0.228344               0.228353               0.228363               0.228356               1                     1               
761         0.246985       0      1        0.246973               0.246985               0.246997               0.246988               1                     1               
762         0.228354       0      2        0.228344               0.228353               0.228363               0.228356               1                     1               
763         6.40097e-05    0      34       6.40742e-05            6.40137e-05            6.39496e-05            6.39967e-05            1                     2               
764         0.23319        0      0        0.233179               0.233189               0.2332                 0.233192               1                     1               
765         0.228354       0      2        0.228344               0.228353               0.228363               0.228356               1                     1               
766         0.246985       0      1        0.246973               0.246985               0.246997               0.246988               1                     1               
767         0.247398       0      3        0.247386               0.247397               0.247409               0.247401               1                     1               
768         0.23319        0      0        0.233179               0.233189               0.2332                 0.233192               1                     1               
769         0.23319        0      0        0.233179               0.233189               0.2332                 0.233192               1                     1               
770         0.23319        0      0        0.233179               0.233189               0.2332                 0.233192               1                     1               
771         0.23319        0      0        0.233179               0.233189               0.2332                 0.233192               1                     1               
772         0.246985       0      1        0.246973               0.246985               0.246997               0.246988               1                     1               
773         0.247398       0      3        0.247386               0.247397               0.247409               0.247401               1                     1               
774         0.23319        0      0        0.233179               0.233189               0.2332                 0.233192               1                     1               
775         0.228354       0      2        0.228344               0.228353               0.228363               0.228356               1                     1               
776         0.246985       0      1        0.246973               0.246985               0.246997               0.246988               1                     1               
777         0.000191298    0      9        0.000191489            0.000191309            0.000191119            0.000191259            1                     2               
778         0.23319        0      0        0.233179               0.233189               0.2332                 0.233192               1                     1               
779         0.23319        0      0        0.233179               0.233189               0.2332                 0.233192               1                     1               
780         0.23319        0      0        0.233179               0.233189               0.2332                 0.233192               1                     1               
781         0.247398       0      3        0.247386               0.247397               0.247409               0.247401               1                     1               
782         0.246985       0      1        0.246973               0.246985               0.246997               0.246988               1                     1               
783         0.228354       0      2        0.228344               0.228353               0.228363               0.228356               1                     1               
784         0.228354       0      2        0.228344               0.228353               0.228363               0.228356               1                     1               
785         0.247398       0      3        0.247386               0.247397               0.247409               0.247401               1                     1               
786         0.23319        0      0        0.233179               0.233189               0.2332                 0.233192               1                     1               
787         0.247398       0      3        0.247386               0.247397               0.247409               0.247401               1                     1               
788         0.228354       0      2        0.228344               0.228353               0.228363               0.228356               1                     1               
789         0.247398       0      3        0.247386               0.247397               0.247409               0.247401               1                     1               
790         0.228354       0      2        0.228344               0.228353               0.228363               0.228356               1                     1               
791         0.246985       0      1        0.246973               0.246985               0.246997               0.246988               1                     1               
792         0.23319        0      0        0.233179               0.233189               0.2332                 0.233192               1                     1               
793         0.247398       0      3        0.247386               0.247397               0.247409               0.247401               1                     1               
794         0.247398       0      3        0.247386               0.247397               0.247409               0.247401               1                     1               
795         0.23319        0      0        0.233179               0.233189               0.2332                 0.233192               1                     1               
796         0.23319        0      0        0.233179               0.233189               0.2332                 0.233192               1                     1               
797         0.23319        0      0        0.233179               0.233189               0.2332                 0.233192               1                     1               
798         0.247398       0      3        0.247386               0.247397               0.247409               0.247401               1                     1               
799         0.246985       0      1        0.246973               0.246985               0.246997               0.246988               1                     1               
800         0.23319        0      0        0.233179               0.233189               0.2332                 0.233192               1                     1               
801         0.247398       0      3        0.247386               0.247397               0.247409               0.247401               1                     1               
802         0.246985       0      1        0.246973               0.246985               0.246997               0.246988               1                     1               
803         0.246985       0      1        0.246973               0.246985               0.246997               0.246988               1                     1               
804         0.23319        0      0        0.233179               0.233189               0.2332                 0.233192               1                     1               
805         0.23319        0      0        0.233179               0.233189               0.2332                 0.233192               1                     1               
806         0.228354       0      2        0.228344               0.228353               0.228363               0.228356               1                     1               
807         0.247398       0      3        0.247386               0.247397               0.247409               0.247401               1                     1               
808         0.228354       0      2        0.228344               0.228353               0.228363               0.228356               1                     1               
809         0.23319        0      0        0.233179               0.233189               0.2332                 0.233192               1                     1               
810         0.246985       0      1        0.246973               0.246985               0.246997               0.246988               1                     1               
811         0.247398       0      3        0.247386               0.247397               0.247409               0.247401               1                     1               
812         0.23319        0      0        0.233179               0.233189               0.2332                 0.233192               1                     1               
813         0.228354       0      2        0.228344               0.228353               0.228363               0.228356               1                     1               
814         0.228354       0      2        0.228344               0.228353               0.228363               0.228356               1                     1               
815         0.246985       0      1        0.246973               0.246985               0.246997               0.246988               1                     1               
816         0.228354       0      2        0.228344               0.228353               0.228363               0.228356               1                     1               
817         0.23319        0      0        0.233179               0.233189               0.2332                 0.233192               1                     1               
818         0.246985       0      1        0.246973               0.246985               0.246997               0.246988               1                     1               
819         0.247398       0      3        0.247386               0.247397               0.247409               0.247401               1                     1               
820         0.247398       0      3        0.247386               0.247397               0.247409               0.247401               1                     1               
821         0.228354       0      2        0.228344               0.228353               0.228363               0.228356               1                     1               
822         0.247398       0      3        0.247386               0.247397               0.247409               0.247401               1                     1               
823         0.247398       0      3        0.247386               0.247397               0.247409               0.247401               1                     1               
824         0.228354       0      2        0.228344               0.228353               0.228363               0.228356               1                     1               
825         0.246985       0      1        0.246973               0.246985               0.246997               0.246988               1                     1               
826         0.247398       0      3        0.247386               0.247397               0.247409               0.247401               1                     1               
827         0.246985       0      1        0.246973               0.246985               0.246997               0.246988               1                     1               
828         0.246985       0      1        0.246973               0.246985               0.246997               0.246988               1                     1               
829         0.23319        0      0        0.233179               0.233189               0.2332                 0.233192               1                     1               
830         0.246985       0      1        0.246973               0.246985               0.246997               0.246988               1                     1               
831         0.228354       0      2        0.228344               0.228353               0.228363               0.228356               1                     1               
832         0.246985       0      1        0.246973               0.246985               0.246997               0.246988               1                     1               
833         0.247398       0      3        0.247386               0.247397               0.247409               0.247401               1                     1               
834         0.247398       0      3        0.247386               0.247397               0.247409               0.247401               1                     1               
835         0.247398       0      3        0.247386               0.247397               0.247409               0.247401               1                     1               
836         0.246985       0      1        0.246973               0.246985               0.246997               0.246988               1                     1               
837         0.246985       0      1        0.246973               0.246985               0.246997               0.246988               1                     1               
838         0.228354       0      2        0.228344               0.228353               0.228363               0.228356               1                     1               
839         0.228354       0      2        0.228344               0.228353               0.228363               0.228356               1                     1               
840         0.247398       0      3        0.247386               0.247397               0.247409               0.247401               1                     1               
841         0.23319        0      0        0.233179               0.233189               0.2332                 0.233192               1                     1               
842         0.23319        0      0        0.233179               0.233189               0.2332                 0.233192               1                     1               
843         0.246985       0      1        0.246973               0.246985               0.246997               0.246988               1                     1               
844         0.23319        0      0        0.233179               0.233189               0.2332                 0.233192               1                     1               
845         0.246985       0      1        0.246973               0.246985               0.246997               0.246988               1                     1               
846         0.247398       0      3        0.247386               0.247397               0.247409               0.247401               1                     1               
847         0.23319        0      0        0.233179               0.233189               0.2332                 0.233192               1                     1               
848         0.247398       0      3        0.247386               0.247397               0.247409               0.247401               1                     1               
849         0.228354       0      2        0.228344               0.228353               0.228363               0.228356               1                     1               
850         0.246985       0      1        0.246973               0.246985               0.246997               0.246988               1                     1               
851         0.247398       0      3        0.247386               0.247397               0.247409               0.247401               1                     1               
852         0.228354       0      2        0.228344               0.228353               0.228363               0.228356               1                     1               
853         0.23319        0      0        0.233179               0.233189               0.2332                 0.233192               1                     1               
854         0.246985       0      1        0.246973               0.246985               0.246997               0.246988               1                     1               
855         0.23319        0      0        0.233179               0.233189               0.2332                 0.233192               1                     1               
856         0.247398       0      3        0.247386               0.247397               0.247409               0.247401               1                     1               
857         0.23319        0      0        0.233179               0.233189               0.2332                 0.233192               1                     1               
858         0.228354       0      2        0.228344               0.228353               0.228363               0.228356               1                     1               
859         0.247398       0      3        0.247386               0.247397               0.247409               0.247401               1                     1               
860         0.228354       0      2        0.228344               0.228353               0.228363               0.228356               1                     1               
861         0.23319        0      0        0.233179               0.233189               0.2332                 0.233192               1                     1               
862         0.228354       0      2        0.228344               0.228353               0.228363               0.228356               1                     1               
863         0.246985       0      1        0.246973               0.246985               0.246997               0.246988               1                     1               
864         0.247398       0      3        0.247386               0.247397               0.247409               0.247401               1                     1               
865         0.247398       0      3        0.247386               0.247397               0.247409               0.247401               1                     1               
866         0.247398       0      3        0.247386               0.247397               0.247409               0.247401               1                     1               
867         0.23319        0      0        0.233179               0.233189               0.2332                 0.233192               1                     1               
868         0.228354       0      2        0.228344               0.228353               0.228363               0.228356               1                     1               
869         0.246985       0      1        0.246973               0.246985               0.246997               0.246988               1                     1               
870         0.23319        0      0        0.233179               0.233189               0.2332                 0.233192               1                     1               
871         0.23319        0      0        0.233179               0.233189               0.2332                 0.233192               1                     1               
872         0.247398       0      3        0.247386               0.247397               0.247409               0.247401               1                     1               
873         0.228354       0      2        0.228344               0.228353               0.228363               0.228356               1                     1               
874         0.23319        0      0        0.233179               0.233189               0.2332                 0.233192               1                     1               
875         0.228354       0      2        0.228344               0.228353               0.228363               0.228356               1                     1               
876         0.246985       0      1        0.246973               0.246985               0.246997               0.246988               1                     1               
877         0.228354       0      2        0.228344               0.228353               0.228363               0.228356               1                     1               
878         0.228354       0      2        0.228344               0.228353               0.228363               0.228356               1                     1               
879         0.23319        0      0        0.233179               0.233189               0.2332                 0.233192               1                     1               
880         0.246985       0      1        0.246973               0.246985               0.246997               0.246988               1                     1               
881         0.23319        0      0        0.233179               0.233189               0.2332                 0.233192               1                     1               
882         0.228354       0      2        0.228344               0.228353               0.228363               0.228356               1                     1               
883         0.23319        0      0        0.233179               0.233189               0.2332                 0.233192               1                     1               
884         0.246985       0      1        0.246973               0.246985               0.246997               0.246988               1                     1               
885         0.246985       0      1        0.246973               0.246985               0.246997               0.246988               1                     1               
886         0.246985       0      1        0.246973               0.246985               0.246997               0.246988               1                     1               
887         0.000341206    0      35       0.000341548            0.000341227            0.000340886            0.000341136            1                     2               
888         0.23319        0      0        0.233179               0.233189               0.2332                 0.233192               1                     1               
889         0.246985       0      1        0.246973               0.246985               0.246997               0.246988               1                     1               
890         0.246985       0      1        0.246973               0.246985               0.246997               0.246988               1                     1               
891         0.246985       0      1        0.246973               0.246985               0.246997               0.246988               1                     1               
892         0.246985       0      1        0.246973               0.246985               0.246997               0.246988               1                     1               
893         0.247398       0      3        0.247386               0.247397               0.247409               0.247401               1                     1               
894         0.247398       0      3        0.247386               0.247397               0.247409               0.247401               1                     1               
895         0.228354       0      2        0.228344               0.228353               0.228363               0.228356               1                     1               
896         0.247398       0      3        0.247386               0.247397               0.247409               0.247401               1                     1               
897         0.247398       0      3        0.247386               0.247397               0.247409               0.247401               1                     1               
898         0.228354       0      2        0.228344               0.228353               0.228363               0.228356               1                     1               
899         0.247398       0      3        0.247386               0.247397               0.247409               0.247401               1                     1               
900         0.228354       0      2        0.228344               0.228353               0.228363               0.228356               1                     1               
901         0.246985       0      1        0.246973               0.246985               0.246997               0.246988               1                     1               
902         0.228354       0      2        0.228344               0.228353               0.228363               0.228356               1                     1               
903         7.43903e-05    0      36       7.44649e-05            7.43949e-05            7.43207e-05            7.43752e-05            1                     2               
904         0.000513497    0      37       0.000514014            0.000513529            0.000513016            0.000513393            1                     2               
905         0.246985       0      1        0.246973               0.246985               0.246997               0.246988               1                     1               
906         0.246985       0      1        0.246973               0.246985               0.246997               0.246988               1                     1               
907         0.228354       0      2        0.228344               0.228353               0.228363               0.228356               1                     1               
908         0.247398       0      3        0.247386               0.247397               0.247409               0.247401               1                     1               
909         0.247398       0      3        0.247386               0.247397               0.247409               0.247401               1                     1               
910         0.246985       0      1        0.246973               0.246985               0.246997               0.246988               1                     1               
911         0.23319        0      0        0.233179               0.233189               0.2332                 0.233192               1                     1               
912         0.228354       0      2        0.228344               0.228353               0.228363               0.228356               1                     1               
913         0.228354       0      2        0.228344               0.228353               0.228363               0.228356               1                     1               
914         0.228354       0      2        0.228344               0.228353               0.228363               0.228356               1                     1               
915         0.247398       0      3        0.247386               0.247397               0.247409               0.247401               1                     1               
916         0.246985       0      1        0.246973               0.246985               0.246997               0.246988               1                     1               
917         0.23319        0      0        0.233179               0.233189               0.2332                 0.233192               1                     1               
918         0.247398       0      3        0.247386               0.247397               0.247409               0.247401               1                     1               
919         0.247398       0      3        0.247386               0.247397               0.247409               0.247401               1                     1               
920         0.228354       0      2        0.228344               0.228353               0.228363               0.228356               1                     1               
921         0.23319        0      0        0.233179               0.233189               0.2332                 0.233192               1                     1               
922         0.246985       0      1        0.246973               0.246985               0.246997               0.246988               1                     1               
923         0.246985       0      1        0.246973               0.246985               0.246997               0.246988               1                     1               
924         0.228354       0      2        0.228344               0.228353               0.228363               0.228356               1                     1               
925         0.000149705    0      38       0.000149856            0.000149714            0.000149564            0.000149674            1                     2               
926         0.246985       0      1        0.246973               0.246985               0.246997               0.246988               1                     1               
927         0.228354       0      2        0.228344               0.228353               0.228363               0.228356               1                     1               
928         0.228354       0      2        0.228344               0.228353               0.228363               0.228356               1                     1               
929         0.228354       0      2        0.228344               0.228353               0.228363               0.228356               1                     1               
930         0.23319        0      0        0.233179               0.233189               0.2332                 0.233192               1                     1               
931         0.246985       0      1        0.246973               0.246985               0.246997               0.246988               1                     1               
932         0.247398       0      3        0.247386               0.247397               0.247409               0.247401               1                     1               
933         0.246985       0      1        0.246973               0.246985               0.246997               0.246988               1                     1               
934         0.228354       0      2        0.228344               0.228353               0.228363               0.228356               1                     1               
935         0.228354       0      2        0.228344               0.228353               0.228363               0.228356               1                     1               
936         0.246985       0      1        0.246973               0.246985               0.246997               0.246988               1                     1               
937         0.228354       0      2        0.228344               0.228353               0.228363               0.228356               1                     1               
938         0.228354       0      2        0.228344               0.228353               0.228363               0.228356               1                     1               
939         0.228354       0      2        0.228344               0.228353               0.228363               0.228356               1                     1               
940         0.247398       0      3        0.247386               0.247397               0.247409               0.247401               1                     1               
941         0.246985       0      1        0.246973               0.246985               0.246997               0.246988               1                     1               
942         0.247398       0      3        0.247386               0.247397               0.247409               0.247401               1                     1               
943         0.247398       0      3        0.247386               0.247397               0.247409               0.247401               1                     1               
944         0.23319        0      0        0.233179               0.233189               0.2332                 0.233192               1                     1               
945         0.23319        0      0        0.233179               0.233189               0.2332                 0.233192               1                     1               
946         0.23319        0      0        0.233179               0.233189               0.2332                 0.233192               1                     1               
947         0.000192534    0      39       0.000192728            0.000192546            0.000192353            0.000192495            1                     2               
948         0.23319        0      0        0.233179               0.233189               0.2332                 0.233192               1                     1               
949         0.23319        0      0        0.233179               0.233189               0.2332                 0.233192               1                     1               
950         0.228354       0      2        0.228344               0.228353               0.228363               0.228356               1                     1               
951         0.246985       0      1        0.246973               0.246985               0.246997               0.246988               1                     1               
952         0.23319        0      0        0.233179               0.233189               0.2332                 0.233192               1                     1               
953         0.23319        0      0        0.233179               0.233189               0.2332                 0.233192               1                     1               
954         0.246985       0      1        0.246973               0.246985               0.246997               0.246988               1                     1               
955         0.000148944    0      40       0.000149093            0.000148953            0.000148804            0.000148913            1                     2               
956         0.228354       0      2        0.228344               0.228353               0.228363               0.228356               1                     1               
957         0.247398       0      3        0.247386               0.247397               0.247409               0.247401               1                     1               
958         0.23319        0      0        0.233179               0.233189               0.2332                 0.233192               1                     1               
959         0.000223376    0      41       0.0002236              0.00022339             0.000223167            0.000223331            1                     2               
960         7.4455e-05     0      42       7.45297e-05            7.44596e-05            7.43853e-05            7.44399e-05            1                     2               
961         0.246985       0      1        0.246973               0.246985               0.246997               0.246988               1                     1               
962         0.228354       0      2        0.228344               0.228353               0.228363               0.228356               1                     1               
963         0.000940908    0      43       0.000941851            0.000940966            0.000940028            0.000940717            1                     2               
964         0.228354       0      2        0.228344               0.228353               0.228363               0.228356               1                     1               
965         0.23319        0      0        0.233179               0.233189               0.2332                 0.233192               1                     1               
966         0.23319        0      0        0.233179               0.233189               0.2332                 0.233192               1                     1               
967         0.23319        0      0        0.233179               0.233189               0.2332                 0.233192               1                     1               
968         0.000939405    0      44       0.000940345            0.000939463            0.000938528            0.000939215            1                     2               
969         0.23319        0      0        0.233179               0.233189               0.2332                 0.233192               1                     1               
970         0.246985       0      1        0.246973               0.246985               0.246997               0.246988               1                     1               
971         0.246985       0      1        0.246973               0.246985               0.246997               0.246988               1                     1               
972         0.247398       0      3        0.247386               0.247397               0.247409               0.247401               1                     1               
973         0.247398       0      3        0.247386               0.247397               0.247409               0.247401               1                     1               
974         0.23319        0      0        0.233179               0.233189               0.2332                 0.233192               1                     1               
975         0.247398       0      3        0.247386               0.247397               0.247409               0.247401               1                     1               
976         0.247398       0      3        0.247386               0.247397               0.247409               0.247401               1                     1               
977         0.228354       0      2        0.228344               0.228353               0.228363               0.228356               1                     1               
978         0.23319        0      0        0.233179               0.233189               0.2332                 0.233192               1                     1               
979         0.228354       0      2        0.228344               0.228353               0.228363               0.228356               1                     1               
980         0.246985       0      1        0.246973               0.246985               0.246997               0.246988               1                     1               
981         0.228354       0      2        0.228344               0.228353               0.228363               0.228356               1                     1               
982         0.23319        0      0        0.233179               0.233189               0.2332                 0.233192               1                     1               
983         0.23319        0      0        0.233179               0.233189               0.2332                 0.233192               1                     1               
984         0.247398       0      3        0.247386               0.247397               0.247409               0.247401               1                     1               
985         0.228354       0      2        0.228344               0.228353               0.228363               0.228356               1                     1               
986         0.228354       0      2        0.228344               0.228353               0.228363               0.228356               1                     1               
987         0.247398       0      3        0.247386               0.247397               0.247409               0.247401               1                     1               
988         0.247398       0      3        0.247386               0.247397               0.247409               0.247401               1                     1               
989         0.247398       0      3        0.247386               0.247397               0.247409               0.247401               1                     1               
990         0.247398       0      3        0.247386               0.247397               0.247409               0.247401               1                     1               
991         0.247398       0      3        0.247386               0.247397               0.247409               0.247401               1                     1               
992         0.246985       0      1        0.246973               0.246985               0.246997               0.246988               1                     1               
993         0.228354       0      2        0.228344               0.228353               0.228363               0.228356               1                     1               
994         0.246985       0      1        0.246973               0.246985               0.246997               0.246988               1                     1               
995         0.246985       0      1        0.246973               0.246985               0.246997               0.246988               1                     1               
996         0.228354       0      2        0.228344               0.228353               0.228363               0.228356               1                     1               
997         0.247398       0      3        0.247386               0.247397               0.247409               0.247401               1                     1               
998         0.247398       0      3        0.247386               0.247397               0.247409               0.247401               1                     1               
999         0.247398       0      3        0.247386               0.247397               0.247409               0.247401               1                     1               
1000        0.246985       0      1        0.246973               0.246985               0.246997               0.246988               1                     1               
