Note : P(D|M) is the probability of site D given the model M (i.e., the site likelihood)
P*(D|M,rr[x]) is the scaled probability of site D given the model M and the relative rate
of evolution rr[x], where x is the class of rate to be considered.
The actual conditional probability is given by P*(D|M,rr[x])/2^F, where
F is the scaling factor (see column 'Scaler').
For invariant sites, P(D|M,rr[0]=0) is the actual conditional probability
(i.e., it is not scaled).


Site        P(D|M)         Scaler Pattern  P*(D|M,rr[1]=0.9494)   P*(D|M,rr[2]=0.9865)   P*(D|M,rr[3]=1.0126)   P*(D|M,rr[4]=1.0516)   Posterior mean        NDistinctStates 
1           0.233191       0      0        0.233724               0.233333               0.233058               0.232648               0.999937              1               
2           0.233191       0      0        0.233724               0.233333               0.233058               0.232648               0.999937              1               
3           0.246986       0      1        0.24759                0.247147               0.246835               0.246371               0.999933              1               
4           0.228354       0      2        0.228817               0.228477               0.228239               0.227883               0.999944              1               
5           0.233191       0      0        0.233724               0.233333               0.233058               0.232648               0.999937              1               
6           0.247398       0      3        0.247979               0.247553               0.247254               0.246807               0.999936              1               
7           0.246986       0      1        0.24759                0.247147               0.246835               0.246371               0.999933              1               
8           0.228354       0      2        0.228817               0.228477               0.228239               0.227883               0.999944              1               
9           0.228354       0      2        0.228817               0.228477               0.228239               0.227883               0.999944              1               
10          0.000599646    0      4        0.000570538            0.000591916            0.000606906            0.000629224            1.00133               2               
11          0.246986       0      1        0.24759                0.247147               0.246835               0.246371               0.999933              1               
12          0.247398       0      3        0.247979               0.247553               0.247254               0.246807               0.999936              1               
13          0.247398       0      3        0.247979               0.247553               0.247254               0.246807               0.999936              1               
14          0.233191       0      0        0.233724               0.233333               0.233058               0.232648               0.999937              1               
15          0.233191       0      0        0.233724               0.233333               0.233058               0.232648               0.999937              1               
16          0.247398       0      3        0.247979               0.247553               0.247254               0.246807               0.999936              1               
17          0.228354       0      2        0.228817               0.228477               0.228239               0.227883               0.999944              1               
18          0.247398       0      3        0.247979               0.247553               0.247254               0.246807               0.999936              1               
19          0.233191       0      0        0.233724               0.233333               0.233058               0.232648               0.999937              1               
20          0.00011667     0      5        0.000111037            0.000115175            0.000118076            0.000122394            1.00132               2               
21          0.247398       0      3        0.247979               0.247553               0.247254               0.246807               0.999936              1               
22          0.247398       0      3        0.247979               0.247553               0.247254               0.246807               0.999936              1               
23          0.228354       0      2        0.228817               0.228477               0.228239               0.227883               0.999944              1               
24          0.000224761    0      6        0.000213816            0.000221854            0.000227491            0.000235885            1.00134               2               
25          0.233191       0      0        0.233724               0.233333               0.233058               0.232648               0.999937              1               
26          0.228354       0      2        0.228817               0.228477               0.228239               0.227883               0.999944              1               
27          0.000467843    0      7        0.000445243            0.000461845            0.000473481            0.000490801            1.00133               2               
28          0.228354       0      2        0.228817               0.228477               0.228239               0.227883               0.999944              1               
29          0.247398       0      3        0.247979               0.247553               0.247254               0.246807               0.999936              1               
30          0.233191       0      0        0.233724               0.233333               0.233058               0.232648               0.999937              1               
31          0.228354       0      2        0.228817               0.228477               0.228239               0.227883               0.999944              1               
32          0.228354       0      2        0.228817               0.228477               0.228239               0.227883               0.999944              1               
33          0.246986       0      1        0.24759                0.247147               0.246835               0.246371               0.999933              1               
34          7.44187e-05    0      8        7.0815e-05             7.34621e-05            7.53177e-05            7.80802e-05            1.00133               2               
35          0.246986       0      1        0.24759                0.247147               0.246835               0.246371               0.999933              1               
36          0.246986       0      1        0.24759                0.247147               0.246835               0.246371               0.999933              1               
37          0.246986       0      1        0.24759                0.247147               0.246835               0.246371               0.999933              1               
38          0.228354       0      2        0.228817               0.228477               0.228239               0.227883               0.999944              1               
39          0.247398       0      3        0.247979               0.247553               0.247254               0.246807               0.999936              1               
40          0.247398       0      3        0.247979               0.247553               0.247254               0.246807               0.999936              1               
41          0.247398       0      3        0.247979               0.247553               0.247254               0.246807               0.999936              1               
42          0.228354       0      2        0.228817               0.228477               0.228239               0.227883               0.999944              1               
43          0.246986       0      1        0.24759                0.247147               0.246835               0.246371               0.999933              1               
44          0.233191       0      0        0.233724               0.233333               0.233058               0.232648               0.999937              1               
45          0.246986       0      1        0.24759                0.247147               0.246835               0.246371               0.999933              1               
46          0.247398       0      3        0.247979               0.247553               0.247254               0.246807               0.999936              1               
47          0.228354       0      2        0.228817               0.228477               0.228239               0.227883               0.999944              1               
48          0.247398       0      3        0.247979               0.247553               0.247254               0.246807               0.999936              1               
49          0.247398       0      3        0.247979               0.247553               0.247254               0.246807               0.999936              1               
50          0.228354       0      2        0.228817               0.228477               0.228239               0.227883               0.999944              1               
51          0.228354       0      2        0.228817               0.228477               0.228239               0.227883               0.999944              1               
52          0.246986       0      1        0.24759                0.247147               0.246835               0.246371               0.999933              1               
53          0.246986       0      1        0.24759                0.247147               0.246835               0.246371               0.999933              1               
54          0.228354       0      2        0.228817               0.228477               0.228239               0.227883               0.999944              1               
55          0.233191       0      0        0.233724               0.233333               0.233058               0.232648               0.999937              1               
56          0.246986       0      1        0.24759                0.247147               0.246835               0.246371               0.999933              1               
57          0.247398       0      3        0.247979               0.247553               0.247254               0.246807               0.999936              1               
58          0.247398       0      3        0.247979               0.247553               0.247254               0.246807               0.999936              1               
59          0.228354       0      2        0.228817               0.228477               0.228239               0.227883               0.999944              1               
60          0.233191       0      0        0.233724               0.233333               0.233058               0.232648               0.999937              1               
61          0.000191283    0      9        0.000182038            0.000188829            0.00019359             0.000200676            1.00133               2               
62          0.228354       0      2        0.228817               0.228477               0.228239               0.227883               0.999944              1               
63          0.228354       0      2        0.228817               0.228477               0.228239               0.227883               0.999944              1               
64          0.247398       0      3        0.247979               0.247553               0.247254               0.246807               0.999936              1               
65          0.247398       0      3        0.247979               0.247553               0.247254               0.246807               0.999936              1               
66          0.228354       0      2        0.228817               0.228477               0.228239               0.227883               0.999944              1               
67          0.228354       0      2        0.228817               0.228477               0.228239               0.227883               0.999944              1               
68          0.228354       0      2        0.228817               0.228477               0.228239               0.227883               0.999944              1               
69          0.246986       0      1        0.24759                0.247147               0.246835               0.246371               0.999933              1               
70          0.247398       0      3        0.247979               0.247553               0.247254               0.246807               0.999936              1               
71          0.233191       0      0        0.233724               0.233333               0.233058               0.232648               0.999937              1               
72          0.247398       0      3        0.247979               0.247553               0.247254               0.246807               0.999936              1               
73          0.233191       0      0        0.233724               0.233333               0.233058               0.232648               0.999937              1               
74          0.246986       0      1        0.24759                0.247147               0.246835               0.246371               0.999933              1               
75          0.000169808    0      10       0.000161607            0.000167631            0.000171853            0.000178138            1.00133               2               
76          0.246986       0      1        0.24759                0.247147               0.246835               0.246371               0.999933              1               
77          0.247398       0      3        0.247979               0.247553               0.247254               0.246807               0.999936              1               
78          0.246986       0      1        0.24759                0.247147               0.246835               0.246371               0.999933              1               
79          8.50615e-05    0      11       8.09427e-05            8.39681e-05            8.60889e-05            8.92463e-05            1.00133               2               
80          0.228354       0      2        0.228817               0.228477               0.228239               0.227883               0.999944              1               
81          0.233191       0      0        0.233724               0.233333               0.233058               0.232648               0.999937              1               
82          0.247398       0      3        0.247979               0.247553               0.247254               0.246807               0.999936              1               
83          0.233191       0      0        0.233724               0.233333               0.233058               0.232648               0.999937              1               
84          0.247398       0      3        0.247979               0.247553               0.247254               0.246807               0.999936              1               
85          0.246986       0      1        0.24759                0.247147               0.246835               0.246371               0.999933              1               
86          0.228354       0      2        0.228817               0.228477               0.228239               0.227883               0.999944              1               
87          0.233191       0      0        0.233724               0.233333               0.233058               0.232648               0.999937              1               
88          0.233191       0      0        0.233724               0.233333               0.233058               0.232648               0.999937              1               
89          0.247398       0      3        0.247979               0.247553               0.247254               0.246807               0.999936              1               
90          0.247398       0      3        0.247979               0.247553               0.247254               0.246807               0.999936              1               
91          0.247398       0      3        0.247979               0.247553               0.247254               0.246807               0.999936              1               
92          0.233191       0      0        0.233724               0.233333               0.233058               0.232648               0.999937              1               
93          0.246986       0      1        0.24759                0.247147               0.246835               0.246371               0.999933              1               
94          0.228354       0      2        0.228817               0.228477               0.228239               0.227883               0.999944              1               
95          0.228354       0      2        0.228817               0.228477               0.228239               0.227883               0.999944              1               
96          0.000233873    0      12       0.000222561            0.00023087             0.000236695            0.000245365            1.00133               2               
97          0.228354       0      2        0.228817               0.228477               0.228239               0.227883               0.999944              1               
98          0.246986       0      1        0.24759                0.247147               0.246835               0.246371               0.999933              1               
99          0.233191       0      0        0.233724               0.233333               0.233058               0.232648               0.999937              1               
100         0.228354       0      2        0.228817               0.228477               0.228239               0.227883               0.999944              1               
101         0.228354       0      2        0.228817               0.228477               0.228239               0.227883               0.999944              1               
102         0.233191       0      0        0.233724               0.233333               0.233058               0.232648               0.999937              1               
103         0.246986       0      1        0.24759                0.247147               0.246835               0.246371               0.999933              1               
104         0.228354       0      2        0.228817               0.228477               0.228239               0.227883               0.999944              1               
105         0.247398       0      3        0.247979               0.247553               0.247254               0.246807               0.999936              1               
106         0.000351143    0      13       0.000334156            0.000346634            0.00035538             0.000368401            1.00133               2               
107         0.247398       0      3        0.247979               0.247553               0.247254               0.246807               0.999936              1               
108         0.233191       0      0        0.233724               0.233333               0.233058               0.232648               0.999937              1               
109         0.228354       0      2        0.228817               0.228477               0.228239               0.227883               0.999944              1               
110         0.247398       0      3        0.247979               0.247553               0.247254               0.246807               0.999936              1               
111         0.233191       0      0        0.233724               0.233333               0.233058               0.232648               0.999937              1               
112         0.247398       0      3        0.247979               0.247553               0.247254               0.246807               0.999936              1               
113         0.246986       0      1        0.24759                0.247147               0.246835               0.246371               0.999933              1               
114         0.247398       0      3        0.247979               0.247553               0.247254               0.246807               0.999936              1               
115         0.246986       0      1        0.24759                0.247147               0.246835               0.246371               0.999933              1               
116         0.233191       0      0        0.233724               0.233333               0.233058               0.232648               0.999937              1               
117         0.233191       0      0        0.233724               0.233333               0.233058               0.232648               0.999937              1               
118         0.233191       0      0        0.233724               0.233333               0.233058               0.232648               0.999937              1               
119         0.228354       0      2        0.228817               0.228477               0.228239               0.227883               0.999944              1               
120         0.246986       0      1        0.24759                0.247147               0.246835               0.246371               0.999933              1               
121         0.228354       0      2        0.228817               0.228477               0.228239               0.227883               0.999944              1               
122         0.228354       0      2        0.228817               0.228477               0.228239               0.227883               0.999944              1               
123         0.233191       0      0        0.233724               0.233333               0.233058               0.232648               0.999937              1               
124         0.000223602    0      14       0.000212766            0.000220725            0.000226305            0.000234611            1.00133               2               
125         0.000599275    0      15       0.000570199            0.000591554            0.000606526            0.000628819            1.00133               2               
126         0.233191       0      0        0.233724               0.233333               0.233058               0.232648               0.999937              1               
127         0.246986       0      1        0.24759                0.247147               0.246835               0.246371               0.999933              1               
128         0.228354       0      2        0.228817               0.228477               0.228239               0.227883               0.999944              1               
129         0.247398       0      3        0.247979               0.247553               0.247254               0.246807               0.999936              1               
130         0.246986       0      1        0.24759                0.247147               0.246835               0.246371               0.999933              1               
131         0.233191       0      0        0.233724               0.233333               0.233058               0.232648               0.999937              1               
132         0.246986       0      1        0.24759                0.247147               0.246835               0.246371               0.999933              1               
133         0.228354       0      2        0.228817               0.228477               0.228239               0.227883               0.999944              1               
134         0.247398       0      3        0.247979               0.247553               0.247254               0.246807               0.999936              1               
135         0.247398       0      3        0.247979               0.247553               0.247254               0.246807               0.999936              1               
136         0.246986       0      1        0.24759                0.247147               0.246835               0.246371               0.999933              1               
137         0.233191       0      0        0.233724               0.233333               0.233058               0.232648               0.999937              1               
138         0.247398       0      3        0.247979               0.247553               0.247254               0.246807               0.999936              1               
139         0.246986       0      1        0.24759                0.247147               0.246835               0.246371               0.999933              1               
140         0.000683765    0      16       0.000650672            0.000674981            0.000692021            0.000717388            1.00133               2               
141         0.233191       0      0        0.233724               0.233333               0.233058               0.232648               0.999937              1               
142         0.246986       0      1        0.24759                0.247147               0.246835               0.246371               0.999933              1               
143         0.233191       0      0        0.233724               0.233333               0.233058               0.232648               0.999937              1               
144         0.247398       0      3        0.247979               0.247553               0.247254               0.246807               0.999936              1               
145         0.228354       0      2        0.228817               0.228477               0.228239               0.227883               0.999944              1               
146         0.247398       0      3        0.247979               0.247553               0.247254               0.246807               0.999936              1               
147         0.246986       0      1        0.24759                0.247147               0.246835               0.246371               0.999933              1               
148         0.247398       0      3        0.247979               0.247553               0.247254               0.246807               0.999936              1               
149         0.228354       0      2        0.228817               0.228477               0.228239               0.227883               0.999944              1               
150         0.233191       0      0        0.233724               0.233333               0.233058               0.232648               0.999937              1               
151         0.228354       0      2        0.228817               0.228477               0.228239               0.227883               0.999944              1               
152         0.246986       0      1        0.24759                0.247147               0.246835               0.246371               0.999933              1               
153         0.228354       0      2        0.228817               0.228477               0.228239               0.227883               0.999944              1               
154         0.233191       0      0        0.233724               0.233333               0.233058               0.232648               0.999937              1               
155         0.247398       0      3        0.247979               0.247553               0.247254               0.246807               0.999936              1               
156         0.247398       0      3        0.247979               0.247553               0.247254               0.246807               0.999936              1               
157         0.246986       0      1        0.24759                0.247147               0.246835               0.246371               0.999933              1               
158         0.246986       0      1        0.24759                0.247147               0.246835               0.246371               0.999933              1               
159         0.246986       0      1        0.24759                0.247147               0.246835               0.246371               0.999933              1               
160         0.228354       0      2        0.228817               0.228477               0.228239               0.227883               0.999944              1               
161         0.246986       0      1        0.24759                0.247147               0.246835               0.246371               0.999933              1               
162         0.247398       0      3        0.247979               0.247553               0.247254               0.246807               0.999936              1               
163         0.247398       0      3        0.247979               0.247553               0.247254               0.246807               0.999936              1               
164         0.246986       0      1        0.24759                0.247147               0.246835               0.246371               0.999933              1               
165         0.247398       0      3        0.247979               0.247553               0.247254               0.246807               0.999936              1               
166         0.228354       0      2        0.228817               0.228477               0.228239               0.227883               0.999944              1               
167         0.228354       0      2        0.228817               0.228477               0.228239               0.227883               0.999944              1               
168         0.246986       0      1        0.24759                0.247147               0.246835               0.246371               0.999933              1               
169         0.247398       0      3        0.247979               0.247553               0.247254               0.246807               0.999936              1               
170         0.228354       0      2        0.228817               0.228477               0.228239               0.227883               0.999944              1               
171         0.233191       0      0        0.233724               0.233333               0.233058               0.232648               0.999937              1               
172         0.228354       0      2        0.228817               0.228477               0.228239               0.227883               0.999944              1               
173         0.233191       0      0        0.233724               0.233333               0.233058               0.232648               0.999937              1               
174         0.246986       0      1        0.24759                0.247147               0.246835               0.246371               0.999933              1               
175         0.246986       0      1        0.24759                0.247147               0.246835               0.246371               0.999933              1               
176         0.247398       0      3        0.247979               0.247553               0.247254               0.246807               0.999936              1               
177         0.233191       0      0        0.233724               0.233333               0.233058               0.232648               0.999937              1               
178         0.228354       0      2        0.228817               0.228477               0.228239               0.227883               0.999944              1               
179         0.247398       0      3        0.247979               0.247553               0.247254               0.246807               0.999936              1               
180         0.246986       0      1        0.24759                0.247147               0.246835               0.246371               0.999933              1               
181         0.228354       0      2        0.228817               0.228477               0.228239               0.227883               0.999944              1               
182         0.233191       0      0        0.233724               0.233333               0.233058               0.232648               0.999937              1               
183         0.246986       0      1        0.24759                0.247147               0.246835               0.246371               0.999933              1               
184         0.233191       0      0        0.233724               0.233333               0.233058               0.232648               0.999937              1               
185         0.228354       0      2        0.228817               0.228477               0.228239               0.227883               0.999944              1               
186         0.246986       0      1        0.24759                0.247147               0.246835               0.246371               0.999933              1               
187         0.247398       0      3        0.247979               0.247553               0.247254               0.246807               0.999936              1               
188         0.247398       0      3        0.247979               0.247553               0.247254               0.246807               0.999936              1               
189         0.228354       0      2        0.228817               0.228477               0.228239               0.227883               0.999944              1               
190         0.247398       0      3        0.247979               0.247553               0.247254               0.246807               0.999936              1               
191         0.228354       0      2        0.228817               0.228477               0.228239               0.227883               0.999944              1               
192         0.247398       0      3        0.247979               0.247553               0.247254               0.246807               0.999936              1               
193         0.247398       0      3        0.247979               0.247553               0.247254               0.246807               0.999936              1               
194         0.000233475    0      17       0.000222204            0.000230484            0.000236287            0.000244925            1.00132               2               
195         0.228354       0      2        0.228817               0.228477               0.228239               0.227883               0.999944              1               
196         0.246986       0      1        0.24759                0.247147               0.246835               0.246371               0.999933              1               
197         0.000233873    0      12       0.000222561            0.00023087             0.000236695            0.000245365            1.00133               2               
198         0.233191       0      0        0.233724               0.233333               0.233058               0.232648               0.999937              1               
199         0.233191       0      0        0.233724               0.233333               0.233058               0.232648               0.999937              1               
200         0.228354       0      2        0.228817               0.228477               0.228239               0.227883               0.999944              1               
201         0.246986       0      1        0.24759                0.247147               0.246835               0.246371               0.999933              1               
202         0.228354       0      2        0.228817               0.228477               0.228239               0.227883               0.999944              1               
203         0.247398       0      3        0.247979               0.247553               0.247254               0.246807               0.999936              1               
204         0.233191       0      0        0.233724               0.233333               0.233058               0.232648               0.999937              1               
205         0.246986       0      1        0.24759                0.247147               0.246835               0.246371               0.999933              1               
206         0.228354       0      2        0.228817               0.228477               0.228239               0.227883               0.999944              1               
207         0.247398       0      3        0.247979               0.247553               0.247254               0.246807               0.999936              1               
208         0.246986       0      1        0.24759                0.247147               0.246835               0.246371               0.999933              1               
209         0.246986       0      1        0.24759                0.247147               0.246835               0.246371               0.999933              1               
210         0.247398       0      3        0.247979               0.247553               0.247254               0.246807               0.999936              1               
211         0.247398       0      3        0.247979               0.247553               0.247254               0.246807               0.999936              1               
212         0.246986       0      1        0.24759                0.247147               0.246835               0.246371               0.999933              1               
213         0.247398       0      3        0.247979               0.247553               0.247254               0.246807               0.999936              1               
214         0.246986       0      1        0.24759                0.247147               0.246835               0.246371               0.999933              1               
215         0.247398       0      3        0.247979               0.247553               0.247254               0.246807               0.999936              1               
216         0.246986       0      1        0.24759                0.247147               0.246835               0.246371               0.999933              1               
217         0.247398       0      3        0.247979               0.247553               0.247254               0.246807               0.999936              1               
218         0.228354       0      2        0.228817               0.228477               0.228239               0.227883               0.999944              1               
219         0.246986       0      1        0.24759                0.247147               0.246835               0.246371               0.999933              1               
220         0.247398       0      3        0.247979               0.247553               0.247254               0.246807               0.999936              1               
221         0.246986       0      1        0.24759                0.247147               0.246835               0.246371               0.999933              1               
222         0.247398       0      3        0.247979               0.247553               0.247254               0.246807               0.999936              1               
223         0.228354       0      2        0.228817               0.228477               0.228239               0.227883               0.999944              1               
224         0.228354       0      2        0.228817               0.228477               0.228239               0.227883               0.999944              1               
225         0.247398       0      3        0.247979               0.247553               0.247254               0.246807               0.999936              1               
226         0.246986       0      1        0.24759                0.247147               0.246835               0.246371               0.999933              1               
227         0.246986       0      1        0.24759                0.247147               0.246835               0.246371               0.999933              1               
228         0.247398       0      3        0.247979               0.247553               0.247254               0.246807               0.999936              1               
229         0.233191       0      0        0.233724               0.233333               0.233058               0.232648               0.999937              1               
230         0.228354       0      2        0.228817               0.228477               0.228239               0.227883               0.999944              1               
231         0.246986       0      1        0.24759                0.247147               0.246835               0.246371               0.999933              1               
232         0.233191       0      0        0.233724               0.233333               0.233058               0.232648               0.999937              1               
233         0.233191       0      0        0.233724               0.233333               0.233058               0.232648               0.999937              1               
234         0.246986       0      1        0.24759                0.247147               0.246835               0.246371               0.999933              1               
235         0.247398       0      3        0.247979               0.247553               0.247254               0.246807               0.999936              1               
236         0.247398       0      3        0.247979               0.247553               0.247254               0.246807               0.999936              1               
237         0.247398       0      3        0.247979               0.247553               0.247254               0.246807               0.999936              1               
238         0.247398       0      3        0.247979               0.247553               0.247254               0.246807               0.999936              1               
239         0.247398       0      3        0.247979               0.247553               0.247254               0.246807               0.999936              1               
240         0.233191       0      0        0.233724               0.233333               0.233058               0.232648               0.999937              1               
241         0.228354       0      2        0.228817               0.228477               0.228239               0.227883               0.999944              1               
242         0.246986       0      1        0.24759                0.247147               0.246835               0.246371               0.999933              1               
243         0.233191       0      0        0.233724               0.233333               0.233058               0.232648               0.999937              1               
244         0.247398       0      3        0.247979               0.247553               0.247254               0.246807               0.999936              1               
245         0.247398       0      3        0.247979               0.247553               0.247254               0.246807               0.999936              1               
246         0.228354       0      2        0.228817               0.228477               0.228239               0.227883               0.999944              1               
247         0.228354       0      2        0.228817               0.228477               0.228239               0.227883               0.999944              1               
248         0.246986       0      1        0.24759                0.247147               0.246835               0.246371               0.999933              1               
249         0.233191       0      0        0.233724               0.233333               0.233058               0.232648               0.999937              1               
250         0.247398       0      3        0.247979               0.247553               0.247254               0.246807               0.999936              1               
251         0.247398       0      3        0.247979               0.247553               0.247254               0.246807               0.999936              1               
252         0.246986       0      1        0.24759                0.247147               0.246835               0.246371               0.999933              1               
253         0.246986       0      1        0.24759                0.247147               0.246835               0.246371               0.999933              1               
254         0.233191       0      0        0.233724               0.233333               0.233058               0.232648               0.999937              1               
255         0.228354       0      2        0.228817               0.228477               0.228239               0.227883               0.999944              1               
256         0.246986       0      1        0.24759                0.247147               0.246835               0.246371               0.999933              1               
257         0.247398       0      3        0.247979               0.247553               0.247254               0.246807               0.999936              1               
258         0.247398       0      3        0.247979               0.247553               0.247254               0.246807               0.999936              1               
259         0.246986       0      1        0.24759                0.247147               0.246835               0.246371               0.999933              1               
260         0.228354       0      2        0.228817               0.228477               0.228239               0.227883               0.999944              1               
261         0.247398       0      3        0.247979               0.247553               0.247254               0.246807               0.999936              1               
262         0.000191376    0      18       0.000182109            0.000188916            0.000193688            0.000200792            1.00133               2               
263         0.246986       0      1        0.24759                0.247147               0.246835               0.246371               0.999933              1               
264         0.233191       0      0        0.233724               0.233333               0.233058               0.232648               0.999937              1               
265         0.246986       0      1        0.24759                0.247147               0.246835               0.246371               0.999933              1               
266         0.247398       0      3        0.247979               0.247553               0.247254               0.246807               0.999936              1               
267         0.247398       0      3        0.247979               0.247553               0.247254               0.246807               0.999936              1               
268         0.246986       0      1        0.24759                0.247147               0.246835               0.246371               0.999933              1               
269         0.247398       0      3        0.247979               0.247553               0.247254               0.246807               0.999936              1               
270         0.246986       0      1        0.24759                0.247147               0.246835               0.246371               0.999933              1               
271         0.247398       0      3        0.247979               0.247553               0.247254               0.246807               0.999936              1               
272         0.228354       0      2        0.228817               0.228477               0.228239               0.227883               0.999944              1               
273         0.228354       0      2        0.228817               0.228477               0.228239               0.227883               0.999944              1               
274         0.228354       0      2        0.228817               0.228477               0.228239               0.227883               0.999944              1               
275         0.228354       0      2        0.228817               0.228477               0.228239               0.227883               0.999944              1               
276         0.228354       0      2        0.228817               0.228477               0.228239               0.227883               0.999944              1               
277         0.247398       0      3        0.247979               0.247553               0.247254               0.246807               0.999936              1               
278         0.228354       0      2        0.228817               0.228477               0.228239               0.227883               0.999944              1               
279         0.247398       0      3        0.247979               0.247553               0.247254               0.246807               0.999936              1               
280         0.246986       0      1        0.24759                0.247147               0.246835               0.246371               0.999933              1               
281         0.247398       0      3        0.247979               0.247553               0.247254               0.246807               0.999936              1               
282         0.233191       0      0        0.233724               0.233333               0.233058               0.232648               0.999937              1               
283         0.246986       0      1        0.24759                0.247147               0.246835               0.246371               0.999933              1               
284         0.228354       0      2        0.228817               0.228477               0.228239               0.227883               0.999944              1               
285         0.228354       0      2        0.228817               0.228477               0.228239               0.227883               0.999944              1               
286         0.247398       0      3        0.247979               0.247553               0.247254               0.246807               0.999936              1               
287         0.247398       0      3        0.247979               0.247553               0.247254               0.246807               0.999936              1               
288         0.247398       0      3        0.247979               0.247553               0.247254               0.246807               0.999936              1               
289         0.228354       0      2        0.228817               0.228477               0.228239               0.227883               0.999944              1               
290         0.246986       0      1        0.24759                0.247147               0.246835               0.246371               0.999933              1               
291         0.246986       0      1        0.24759                0.247147               0.246835               0.246371               0.999933              1               
292         0.228354       0      2        0.228817               0.228477               0.228239               0.227883               0.999944              1               
293         0.247398       0      3        0.247979               0.247553               0.247254               0.246807               0.999936              1               
294         0.246986       0      1        0.24759                0.247147               0.246835               0.246371               0.999933              1               
295         0.247398       0      3        0.247979               0.247553               0.247254               0.246807               0.999936              1               
296         0.247398       0      3        0.247979               0.247553               0.247254               0.246807               0.999936              1               
297         0.000683765    0      16       0.000650672            0.000674981            0.000692021            0.000717388            1.00133               2               
298         0.228354       0      2        0.228817               0.228477               0.228239               0.227883               0.999944              1               
299         0.246986       0      1        0.24759                0.247147               0.246835               0.246371               0.999933              1               
300         0.228354       0      2        0.228817               0.228477               0.228239               0.227883               0.999944              1               
301         0.233191       0      0        0.233724               0.233333               0.233058               0.232648               0.999937              1               
302         0.228354       0      2        0.228817               0.228477               0.228239               0.227883               0.999944              1               
303         0.233191       0      0        0.233724               0.233333               0.233058               0.232648               0.999937              1               
304         0.228354       0      2        0.228817               0.228477               0.228239               0.227883               0.999944              1               
305         0.228354       0      2        0.228817               0.228477               0.228239               0.227883               0.999944              1               
306         0.246986       0      1        0.24759                0.247147               0.246835               0.246371               0.999933              1               
307         0.233191       0      0        0.233724               0.233333               0.233058               0.232648               0.999937              1               
308         0.247398       0      3        0.247979               0.247553               0.247254               0.246807               0.999936              1               
309         0.247398       0      3        0.247979               0.247553               0.247254               0.246807               0.999936              1               
310         0.246986       0      1        0.24759                0.247147               0.246835               0.246371               0.999933              1               
311         0.246986       0      1        0.24759                0.247147               0.246835               0.246371               0.999933              1               
312         0.228354       0      2        0.228817               0.228477               0.228239               0.227883               0.999944              1               
313         0.228354       0      2        0.228817               0.228477               0.228239               0.227883               0.999944              1               
314         0.233191       0      0        0.233724               0.233333               0.233058               0.232648               0.999937              1               
315         0.247398       0      3        0.247979               0.247553               0.247254               0.246807               0.999936              1               
316         0.000255432    0      19       0.000243069            0.00025215             0.000258516            0.000267992            1.00133               2               
317         0.228354       0      2        0.228817               0.228477               0.228239               0.227883               0.999944              1               
318         0.228354       0      2        0.228817               0.228477               0.228239               0.227883               0.999944              1               
319         0.247398       0      3        0.247979               0.247553               0.247254               0.246807               0.999936              1               
320         0.247398       0      3        0.247979               0.247553               0.247254               0.246807               0.999936              1               
321         0.246986       0      1        0.24759                0.247147               0.246835               0.246371               0.999933              1               
322         0.233191       0      0        0.233724               0.233333               0.233058               0.232648               0.999937              1               
323         0.228354       0      2        0.228817               0.228477               0.228239               0.227883               0.999944              1               
324         0.246986       0      1        0.24759                0.247147               0.246835               0.246371               0.999933              1               
325         0.228354       0      2        0.228817               0.228477               0.228239               0.227883               0.999944              1               
326         0.228354       0      2        0.228817               0.228477               0.228239               0.227883               0.999944              1               
327         0.247398       0      3        0.247979               0.247553               0.247254               0.246807               0.999936              1               
328         0.246986       0      1        0.24759                0.247147               0.246835               0.246371               0.999933              1               
329         0.247398       0      3        0.247979               0.247553               0.247254               0.246807               0.999936              1               
330         0.246986       0      1        0.24759                0.247147               0.246835               0.246371               0.999933              1               
331         0.246986       0      1        0.24759                0.247147               0.246835               0.246371               0.999933              1               
332         0.228354       0      2        0.228817               0.228477               0.228239               0.227883               0.999944              1               
333         0.233191       0      0        0.233724               0.233333               0.233058               0.232648               0.999937              1               
334         0.247398       0      3        0.247979               0.247553               0.247254               0.246807               0.999936              1               
335         0.000233475    0      17       0.000222204            0.000230484            0.000236287            0.000244925            1.00132               2               
336         0.246986       0      1        0.24759                0.247147               0.246835               0.246371               0.999933              1               
337         0.233191       0      0        0.233724               0.233333               0.233058               0.232648               0.999937              1               
338         0.247398       0      3        0.247979               0.247553               0.247254               0.246807               0.999936              1               
339         0.246986       0      1        0.24759                0.247147               0.246835               0.246371               0.999933              1               
340         0.246986       0      1        0.24759                0.247147               0.246835               0.246371               0.999933              1               
341         0.233191       0      0        0.233724               0.233333               0.233058               0.232648               0.999937              1               
342         0.246986       0      1        0.24759                0.247147               0.246835               0.246371               0.999933              1               
343         0.247398       0      3        0.247979               0.247553               0.247254               0.246807               0.999936              1               
344         0.247398       0      3        0.247979               0.247553               0.247254               0.246807               0.999936              1               
345         0.228354       0      2        0.228817               0.228477               0.228239               0.227883               0.999944              1               
346         0.000128336    0      20       0.000122086            0.000126676            0.000129895            0.000134688            1.00134               2               
347         0.246986       0      1        0.24759                0.247147               0.246835               0.246371               0.999933              1               
348         0.233191       0      0        0.233724               0.233333               0.233058               0.232648               0.999937              1               
349         0.228354       0      2        0.228817               0.228477               0.228239               0.227883               0.999944              1               
350         0.233191       0      0        0.233724               0.233333               0.233058               0.232648               0.999937              1               
351         0.228354       0      2        0.228817               0.228477               0.228239               0.227883               0.999944              1               
352         0.246986       0      1        0.24759                0.247147               0.246835               0.246371               0.999933              1               
353         0.246986       0      1        0.24759                0.247147               0.246835               0.246371               0.999933              1               
354         0.246986       0      1        0.24759                0.247147               0.246835               0.246371               0.999933              1               
355         0.247398       0      3        0.247979               0.247553               0.247254               0.246807               0.999936              1               
356         0.246986       0      1        0.24759                0.247147               0.246835               0.246371               0.999933              1               
357         0.247398       0      3        0.247979               0.247553               0.247254               0.246807               0.999936              1               
358         0.228354       0      2        0.228817               0.228477               0.228239               0.227883               0.999944              1               
359         0.247398       0      3        0.247979               0.247553               0.247254               0.246807               0.999936              1               
360         0.246986       0      1        0.24759                0.247147               0.246835               0.246371               0.999933              1               
361         0.247398       0      3        0.247979               0.247553               0.247254               0.246807               0.999936              1               
362         0.246986       0      1        0.24759                0.247147               0.246835               0.246371               0.999933              1               
363         0.247398       0      3        0.247979               0.247553               0.247254               0.246807               0.999936              1               
364         0.233191       0      0        0.233724               0.233333               0.233058               0.232648               0.999937              1               
365         0.247398       0      3        0.247979               0.247553               0.247254               0.246807               0.999936              1               
366         0.247398       0      3        0.247979               0.247553               0.247254               0.246807               0.999936              1               
367         0.246986       0      1        0.24759                0.247147               0.246835               0.246371               0.999933              1               
368         0.246986       0      1        0.24759                0.247147               0.246835               0.246371               0.999933              1               
369         0.233191       0      0        0.233724               0.233333               0.233058               0.232648               0.999937              1               
370         0.228354       0      2        0.228817               0.228477               0.228239               0.227883               0.999944              1               
371         0.247398       0      3        0.247979               0.247553               0.247254               0.246807               0.999936              1               
372         0.246986       0      1        0.24759                0.247147               0.246835               0.246371               0.999933              1               
373         0.228354       0      2        0.228817               0.228477               0.228239               0.227883               0.999944              1               
374         0.246986       0      1        0.24759                0.247147               0.246835               0.246371               0.999933              1               
375         0.247398       0      3        0.247979               0.247553               0.247254               0.246807               0.999936              1               
376         0.000255318    0      21       0.000242969            0.00025204             0.000258398            0.000267864            1.00133               2               
377         0.228354       0      2        0.228817               0.228477               0.228239               0.227883               0.999944              1               
378         0.247398       0      3        0.247979               0.247553               0.247254               0.246807               0.999936              1               
379         0.228354       0      2        0.228817               0.228477               0.228239               0.227883               0.999944              1               
380         0.247398       0      3        0.247979               0.247553               0.247254               0.246807               0.999936              1               
381         0.233191       0      0        0.233724               0.233333               0.233058               0.232648               0.999937              1               
382         0.228354       0      2        0.228817               0.228477               0.228239               0.227883               0.999944              1               
383         0.247398       0      3        0.247979               0.247553               0.247254               0.246807               0.999936              1               
384         0.247398       0      3        0.247979               0.247553               0.247254               0.246807               0.999936              1               
385         0.246986       0      1        0.24759                0.247147               0.246835               0.246371               0.999933              1               
386         0.233191       0      0        0.233724               0.233333               0.233058               0.232648               0.999937              1               
387         0.247398       0      3        0.247979               0.247553               0.247254               0.246807               0.999936              1               
388         0.246986       0      1        0.24759                0.247147               0.246835               0.246371               0.999933              1               
389         0.228354       0      2        0.228817               0.228477               0.228239               0.227883               0.999944              1               
390         0.228354       0      2        0.228817               0.228477               0.228239               0.227883               0.999944              1               
391         0.246986       0      1        0.24759                0.247147               0.246835               0.246371               0.999933              1               
392         0.246986       0      1        0.24759                0.247147               0.246835               0.246371               0.999933              1               
393         0.247398       0      3        0.247979               0.247553               0.247254               0.246807               0.999936              1               
394         0.233191       0      0        0.233724               0.233333               0.233058               0.232648               0.999937              1               
395         0.246986       0      1        0.24759                0.247147               0.246835               0.246371               0.999933              1               
396         0.246986       0      1        0.24759                0.247147               0.246835               0.246371               0.999933              1               
397         0.228354       0      2        0.228817               0.228477               0.228239               0.227883               0.999944              1               
398         0.246986       0      1        0.24759                0.247147               0.246835               0.246371               0.999933              1               
399         0.247398       0      3        0.247979               0.247553               0.247254               0.246807               0.999936              1               
400         0.247398       0      3        0.247979               0.247553               0.247254               0.246807               0.999936              1               
401         0.247398       0      3        0.247979               0.247553               0.247254               0.246807               0.999936              1               
402         0.247398       0      3        0.247979               0.247553               0.247254               0.246807               0.999936              1               
403         0.247398       0      3        0.247979               0.247553               0.247254               0.246807               0.999936              1               
404         0.246986       0      1        0.24759                0.247147               0.246835               0.246371               0.999933              1               
405         0.228354       0      2        0.228817               0.228477               0.228239               0.227883               0.999944              1               
406         0.246986       0      1        0.24759                0.247147               0.246835               0.246371               0.999933              1               
407         0.246986       0      1        0.24759                0.247147               0.246835               0.246371               0.999933              1               
408         0.233191       0      0        0.233724               0.233333               0.233058               0.232648               0.999937              1               
409         0.246986       0      1        0.24759                0.247147               0.246835               0.246371               0.999933              1               
410         0.233191       0      0        0.233724               0.233333               0.233058               0.232648               0.999937              1               
411         0.233191       0      0        0.233724               0.233333               0.233058               0.232648               0.999937              1               
412         0.246986       0      1        0.24759                0.247147               0.246835               0.246371               0.999933              1               
413         0.228354       0      2        0.228817               0.228477               0.228239               0.227883               0.999944              1               
414         0.233191       0      0        0.233724               0.233333               0.233058               0.232648               0.999937              1               
415         0.247398       0      3        0.247979               0.247553               0.247254               0.246807               0.999936              1               
416         0.233191       0      0        0.233724               0.233333               0.233058               0.232648               0.999937              1               
417         0.246986       0      1        0.24759                0.247147               0.246835               0.246371               0.999933              1               
418         0.233191       0      0        0.233724               0.233333               0.233058               0.232648               0.999937              1               
419         0.228354       0      2        0.228817               0.228477               0.228239               0.227883               0.999944              1               
420         0.246986       0      1        0.24759                0.247147               0.246835               0.246371               0.999933              1               
421         0.228354       0      2        0.228817               0.228477               0.228239               0.227883               0.999944              1               
422         0.247398       0      3        0.247979               0.247553               0.247254               0.246807               0.999936              1               
423         0.000513281    0      22       0.000488403            0.000506676            0.000519486            0.000538558            1.00133               2               
424         0.247398       0      3        0.247979               0.247553               0.247254               0.246807               0.999936              1               
425         0.233191       0      0        0.233724               0.233333               0.233058               0.232648               0.999937              1               
426         0.246986       0      1        0.24759                0.247147               0.246835               0.246371               0.999933              1               
427         0.233191       0      0        0.233724               0.233333               0.233058               0.232648               0.999937              1               
428         0.233191       0      0        0.233724               0.233333               0.233058               0.232648               0.999937              1               
429         0.233191       0      0        0.233724               0.233333               0.233058               0.232648               0.999937              1               
430         0.228354       0      2        0.228817               0.228477               0.228239               0.227883               0.999944              1               
431         0.228354       0      2        0.228817               0.228477               0.228239               0.227883               0.999944              1               
432         8.49568e-05    0      23       8.085e-05              8.38668e-05            8.59813e-05            8.91289e-05            1.00133               2               
433         0.246986       0      1        0.24759                0.247147               0.246835               0.246371               0.999933              1               
434         0.228354       0      2        0.228817               0.228477               0.228239               0.227883               0.999944              1               
435         0.246986       0      1        0.24759                0.247147               0.246835               0.246371               0.999933              1               
436         6.35942e-05    0      24       6.05238e-05            6.27794e-05            6.43603e-05            6.67133e-05            1.00132               2               
437         0.233191       0      0        0.233724               0.233333               0.233058               0.232648               0.999937              1               
438         0.247398       0      3        0.247979               0.247553               0.247254               0.246807               0.999936              1               
439         0.233191       0      0        0.233724               0.233333               0.233058               0.232648               0.999937              1               
440         0.228354       0      2        0.228817               0.228477               0.228239               0.227883               0.999944              1               
441         0.246986       0      1        0.24759                0.247147               0.246835               0.246371               0.999933              1               
442         0.246986       0      1        0.24759                0.247147               0.246835               0.246371               0.999933              1               
443         0.233191       0      0        0.233724               0.233333               0.233058               0.232648               0.999937              1               
444         0.233191       0      0        0.233724               0.233333               0.233058               0.232648               0.999937              1               
445         0.233191       0      0        0.233724               0.233333               0.233058               0.232648               0.999937              1               
446         0.247398       0      3        0.247979               0.247553               0.247254               0.246807               0.999936              1               
447         0.247398       0      3        0.247979               0.247553               0.247254               0.246807               0.999936              1               
448         0.246986       0      1        0.24759                0.247147               0.246835               0.246371               0.999933              1               
449         0.228354       0      2        0.228817               0.228477               0.228239               0.227883               0.999944              1               
450         0.228354       0      2        0.228817               0.228477               0.228239               0.227883               0.999944              1               
451         0.228354       0      2        0.228817               0.228477               0.228239               0.227883               0.999944              1               
452         0.246986       0      1        0.24759                0.247147               0.246835               0.246371               0.999933              1               
453         0.233191       0      0        0.233724               0.233333               0.233058               0.232648               0.999937              1               
454         0.247398       0      3        0.247979               0.247553               0.247254               0.246807               0.999936              1               
455         0.247398       0      3        0.247979               0.247553               0.247254               0.246807               0.999936              1               
456         0.233191       0      0        0.233724               0.233333               0.233058               0.232648               0.999937              1               
457         0.247398       0      3        0.247979               0.247553               0.247254               0.246807               0.999936              1               
458         0.246986       0      1        0.24759                0.247147               0.246835               0.246371               0.999933              1               
459         0.247398       0      3        0.247979               0.247553               0.247254               0.246807               0.999936              1               
460         0.233191       0      0        0.233724               0.233333               0.233058               0.232648               0.999937              1               
461         0.228354       0      2        0.228817               0.228477               0.228239               0.227883               0.999944              1               
462         0.233191       0      0        0.233724               0.233333               0.233058               0.232648               0.999937              1               
463         0.000468511    0      25       0.000445846            0.000462495            0.000474165            0.000491537            1.00133               2               
464         0.000255798    0      26       0.000243403            0.000252507            0.000258889            0.000268391            1.00133               2               
465         0.247398       0      3        0.247979               0.247553               0.247254               0.246807               0.999936              1               
466         0.233191       0      0        0.233724               0.233333               0.233058               0.232648               0.999937              1               
467         0.247398       0      3        0.247979               0.247553               0.247254               0.246807               0.999936              1               
468         0.246986       0      1        0.24759                0.247147               0.246835               0.246371               0.999933              1               
469         0.233191       0      0        0.233724               0.233333               0.233058               0.232648               0.999937              1               
470         0.228354       0      2        0.228817               0.228477               0.228239               0.227883               0.999944              1               
471         0.246986       0      1        0.24759                0.247147               0.246835               0.246371               0.999933              1               
472         0.228354       0      2        0.228817               0.228477               0.228239               0.227883               0.999944              1               
473         0.246986       0      1        0.24759                0.247147               0.246835               0.246371               0.999933              1               
474         0.233191       0      0        0.233724               0.233333               0.233058               0.232648               0.999937              1               
475         0.247398       0      3        0.247979               0.247553               0.247254               0.246807               0.999936              1               
476         0.228354       0      2        0.228817               0.228477               0.228239               0.227883               0.999944              1               
477         0.247398       0      3        0.247979               0.247553               0.247254               0.246807               0.999936              1               
478         0.246986       0      1        0.24759                0.247147               0.246835               0.246371               0.999933              1               
479         0.247398       0      3        0.247979               0.247553               0.247254               0.246807               0.999936              1               
480         0.247398       0      3        0.247979               0.247553               0.247254               0.246807               0.999936              1               
481         0.228354       0      2        0.228817               0.228477               0.228239               0.227883               0.999944              1               
482         0.228354       0      2        0.228817               0.228477               0.228239               0.227883               0.999944              1               
483         0.228354       0      2        0.228817               0.228477               0.228239               0.227883               0.999944              1               
484         0.246986       0      1        0.24759                0.247147               0.246835               0.246371               0.999933              1               
485         0.247398       0      3        0.247979               0.247553               0.247254               0.246807               0.999936              1               
486         0.228354       0      2        0.228817               0.228477               0.228239               0.227883               0.999944              1               
487         0.233191       0      0        0.233724               0.233333               0.233058               0.232648               0.999937              1               
488         0.246986       0      1        0.24759                0.247147               0.246835               0.246371               0.999933              1               
489         0.246986       0      1        0.24759                0.247147               0.246835               0.246371               0.999933              1               
490         0.228354       0      2        0.228817               0.228477               0.228239               0.227883               0.999944              1               
491         0.246986       0      1        0.24759                0.247147               0.246835               0.246371               0.999933              1               
492         0.233191       0      0        0.233724               0.233333               0.233058               0.232648               0.999937              1               
493         0.246986       0      1        0.24759                0.247147               0.246835               0.246371               0.999933              1               
494         0.246986       0      1        0.24759                0.247147               0.246835               0.246371               0.999933              1               
495         0.233191       0      0        0.233724               0.233333               0.233058               0.232648               0.999937              1               
496         0.247398       0      3        0.247979               0.247553               0.247254               0.246807               0.999936              1               
497         0.246986       0      1        0.24759                0.247147               0.246835               0.246371               0.999933              1               
498         0.228354       0      2        0.228817               0.228477               0.228239               0.227883               0.999944              1               
499         0.247398       0      3        0.247979               0.247553               0.247254               0.246807               0.999936              1               
500         0.233191       0      0        0.233724               0.233333               0.233058               0.232648               0.999937              1               
501         0.233191       0      0        0.233724               0.233333               0.233058               0.232648               0.999937              1               
502         0.246986       0      1        0.24759                0.247147               0.246835               0.246371               0.999933              1               
503         0.246986       0      1        0.24759                0.247147               0.246835               0.246371               0.999933              1               
504         0.247398       0      3        0.247979               0.247553               0.247254               0.246807               0.999936              1               
505         0.233191       0      0        0.233724               0.233333               0.233058               0.232648               0.999937              1               
506         0.233191       0      0        0.233724               0.233333               0.233058               0.232648               0.999937              1               
507         0.233191       0      0        0.233724               0.233333               0.233058               0.232648               0.999937              1               
508         0.00019183     0      27       0.000182518            0.000189358            0.000194153            0.000201292            1.00133               2               
509         0.233191       0      0        0.233724               0.233333               0.233058               0.232648               0.999937              1               
510         0.233191       0      0        0.233724               0.233333               0.233058               0.232648               0.999937              1               
511         0.228354       0      2        0.228817               0.228477               0.228239               0.227883               0.999944              1               
512         0.246986       0      1        0.24759                0.247147               0.246835               0.246371               0.999933              1               
513         0.247398       0      3        0.247979               0.247553               0.247254               0.246807               0.999936              1               
514         0.233191       0      0        0.233724               0.233333               0.233058               0.232648               0.999937              1               
515         0.233191       0      0        0.233724               0.233333               0.233058               0.232648               0.999937              1               
516         0.233191       0      0        0.233724               0.233333               0.233058               0.232648               0.999937              1               
517         0.233191       0      0        0.233724               0.233333               0.233058               0.232648               0.999937              1               
518         0.246986       0      1        0.24759                0.247147               0.246835               0.246371               0.999933              1               
519         0.000233814    0      28       0.000222505            0.000230812            0.000236635            0.000245304            1.00133               2               
520         0.228354       0      2        0.228817               0.228477               0.228239               0.227883               0.999944              1               
521         0.246986       0      1        0.24759                0.247147               0.246835               0.246371               0.999933              1               
522         0.246986       0      1        0.24759                0.247147               0.246835               0.246371               0.999933              1               
523         0.246986       0      1        0.24759                0.247147               0.246835               0.246371               0.999933              1               
524         0.233191       0      0        0.233724               0.233333               0.233058               0.232648               0.999937              1               
525         0.233191       0      0        0.233724               0.233333               0.233058               0.232648               0.999937              1               
526         0.246986       0      1        0.24759                0.247147               0.246835               0.246371               0.999933              1               
527         0.233191       0      0        0.233724               0.233333               0.233058               0.232648               0.999937              1               
528         0.233191       0      0        0.233724               0.233333               0.233058               0.232648               0.999937              1               
529         0.233191       0      0        0.233724               0.233333               0.233058               0.232648               0.999937              1               
530         0.233191       0      0        0.233724               0.233333               0.233058               0.232648               0.999937              1               
531         0.228354       0      2        0.228817               0.228477               0.228239               0.227883               0.999944              1               
532         0.233191       0      0        0.233724               0.233333               0.233058               0.232648               0.999937              1               
533         0.228354       0      2        0.228817               0.228477               0.228239               0.227883               0.999944              1               
534         0.247398       0      3        0.247979               0.247553               0.247254               0.246807               0.999936              1               
535         0.246986       0      1        0.24759                0.247147               0.246835               0.246371               0.999933              1               
536         0.233191       0      0        0.233724               0.233333               0.233058               0.232648               0.999937              1               
537         0.228354       0      2        0.228817               0.228477               0.228239               0.227883               0.999944              1               
538         0.247398       0      3        0.247979               0.247553               0.247254               0.246807               0.999936              1               
539         0.233191       0      0        0.233724               0.233333               0.233058               0.232648               0.999937              1               
540         0.233191       0      0        0.233724               0.233333               0.233058               0.232648               0.999937              1               
541         0.228354       0      2        0.228817               0.228477               0.228239               0.227883               0.999944              1               
542         0.233191       0      0        0.233724               0.233333               0.233058               0.232648               0.999937              1               
543         0.247398       0      3        0.247979               0.247553               0.247254               0.246807               0.999936              1               
544         0.233191       0      0        0.233724               0.233333               0.233058               0.232648               0.999937              1               
545         0.228354       0      2        0.228817               0.228477               0.228239               0.227883               0.999944              1               
546         0.233191       0      0        0.233724               0.233333               0.233058               0.232648               0.999937              1               
547         0.228354       0      2        0.228817               0.228477               0.228239               0.227883               0.999944              1               
548         0.233191       0      0        0.233724               0.233333               0.233058               0.232648               0.999937              1               
549         7.44047e-05    0      29       7.08016e-05            7.34482e-05            7.53036e-05            7.80657e-05            1.00133               2               
550         0.233191       0      0        0.233724               0.233333               0.233058               0.232648               0.999937              1               
551         0.233191       0      0        0.233724               0.233333               0.233058               0.232648               0.999937              1               
552         0.233191       0      0        0.233724               0.233333               0.233058               0.232648               0.999937              1               
553         0.233191       0      0        0.233724               0.233333               0.233058               0.232648               0.999937              1               
554         0.233191       0      0        0.233724               0.233333               0.233058               0.232648               0.999937              1               
555         0.246986       0      1        0.24759                0.247147               0.246835               0.246371               0.999933              1               
556         0.247398       0      3        0.247979               0.247553               0.247254               0.246807               0.999936              1               
557         0.233191       0      0        0.233724               0.233333               0.233058               0.232648               0.999937              1               
558         0.247398       0      3        0.247979               0.247553               0.247254               0.246807               0.999936              1               
559         0.247398       0      3        0.247979               0.247553               0.247254               0.246807               0.999936              1               
560         0.233191       0      0        0.233724               0.233333               0.233058               0.232648               0.999937              1               
561         0.246986       0      1        0.24759                0.247147               0.246835               0.246371               0.999933              1               
562         0.246986       0      1        0.24759                0.247147               0.246835               0.246371               0.999933              1               
563         0.228354       0      2        0.228817               0.228477               0.228239               0.227883               0.999944              1               
564         0.233191       0      0        0.233724               0.233333               0.233058               0.232648               0.999937              1               
565         0.228354       0      2        0.228817               0.228477               0.228239               0.227883               0.999944              1               
566         0.247398       0      3        0.247979               0.247553               0.247254               0.246807               0.999936              1               
567         0.233191       0      0        0.233724               0.233333               0.233058               0.232648               0.999937              1               
568         0.247398       0      3        0.247979               0.247553               0.247254               0.246807               0.999936              1               
569         0.228354       0      2        0.228817               0.228477               0.228239               0.227883               0.999944              1               
570         0.246986       0      1        0.24759                0.247147               0.246835               0.246371               0.999933              1               
571         0.233191       0      0        0.233724               0.233333               0.233058               0.232648               0.999937              1               
572         0.246986       0      1        0.24759                0.247147               0.246835               0.246371               0.999933              1               
573         0.246986       0      1        0.24759                0.247147               0.246835               0.246371               0.999933              1               
574         0.246986       0      1        0.24759                0.247147               0.246835               0.246371               0.999933              1               
575         0.228354       0      2        0.228817               0.228477               0.228239               0.227883               0.999944              1               
576         0.228354       0      2        0.228817               0.228477               0.228239               0.227883               0.999944              1               
577         0.233191       0      0        0.233724               0.233333               0.233058               0.232648               0.999937              1               
578         0.247398       0      3        0.247979               0.247553               0.247254               0.246807               0.999936              1               
579         0.246986       0      1        0.24759                0.247147               0.246835               0.246371               0.999933              1               
580         0.228354       0      2        0.228817               0.228477               0.228239               0.227883               0.999944              1               
581         0.247398       0      3        0.247979               0.247553               0.247254               0.246807               0.999936              1               
582         0.247398       0      3        0.247979               0.247553               0.247254               0.246807               0.999936              1               
583         0.246986       0      1        0.24759                0.247147               0.246835               0.246371               0.999933              1               
584         0.246986       0      1        0.24759                0.247147               0.246835               0.246371               0.999933              1               
585         0.233191       0      0        0.233724               0.233333               0.233058               0.232648               0.999937              1               
586         0.233191       0      0        0.233724               0.233333               0.233058               0.232648               0.999937              1               
587         0.247398       0      3        0.247979               0.247553               0.247254               0.246807               0.999936              1               
588         0.247398       0      3        0.247979               0.247553               0.247254               0.246807               0.999936              1               
589         0.228354       0      2        0.228817               0.228477               0.228239               0.227883               0.999944              1               
590         0.246986       0      1        0.24759                0.247147               0.246835               0.246371               0.999933              1               
591         0.233191       0      0        0.233724               0.233333               0.233058               0.232648               0.999937              1               
592         0.233191       0      0        0.233724               0.233333               0.233058               0.232648               0.999937              1               
593         0.228354       0      2        0.228817               0.228477               0.228239               0.227883               0.999944              1               
594         0.246986       0      1        0.24759                0.247147               0.246835               0.246371               0.999933              1               
595         0.246986       0      1        0.24759                0.247147               0.246835               0.246371               0.999933              1               
596         0.233191       0      0        0.233724               0.233333               0.233058               0.232648               0.999937              1               
597         0.228354       0      2        0.228817               0.228477               0.228239               0.227883               0.999944              1               
598         0.233191       0      0        0.233724               0.233333               0.233058               0.232648               0.999937              1               
599         0.246986       0      1        0.24759                0.247147               0.246835               0.246371               0.999933              1               
600         0.246986       0      1        0.24759                0.247147               0.246835               0.246371               0.999933              1               
601         0.247398       0      3        0.247979               0.247553               0.247254               0.246807               0.999936              1               
602         0.228354       0      2        0.228817               0.228477               0.228239               0.227883               0.999944              1               
603         0.233191       0      0        0.233724               0.233333               0.233058               0.232648               0.999937              1               
604         0.233191       0      0        0.233724               0.233333               0.233058               0.232648               0.999937              1               
605         0.247398       0      3        0.247979               0.247553               0.247254               0.246807               0.999936              1               
606         0.233191       0      0        0.233724               0.233333               0.233058               0.232648               0.999937              1               
607         0.246986       0      1        0.24759                0.247147               0.246835               0.246371               0.999933              1               
608         0.228354       0      2        0.228817               0.228477               0.228239               0.227883               0.999944              1               
609         0.247398       0      3        0.247979               0.247553               0.247254               0.246807               0.999936              1               
610         0.247398       0      3        0.247979               0.247553               0.247254               0.246807               0.999936              1               
611         0.233191       0      0        0.233724               0.233333               0.233058               0.232648               0.999937              1               
612         0.247398       0      3        0.247979               0.247553               0.247254               0.246807               0.999936              1               
613         0.233191       0      0        0.233724               0.233333               0.233058               0.232648               0.999937              1               
614         0.246986       0      1        0.24759                0.247147               0.246835               0.246371               0.999933              1               
615         0.233191       0      0        0.233724               0.233333               0.233058               0.232648               0.999937              1               
616         0.246986       0      1        0.24759                0.247147               0.246835               0.246371               0.999933              1               
617         0.247398       0      3        0.247979               0.247553               0.247254               0.246807               0.999936              1               
618         0.228354       0      2        0.228817               0.228477               0.228239               0.227883               0.999944              1               
619         0.228354       0      2        0.228817               0.228477               0.228239               0.227883               0.999944              1               
620         0.246986       0      1        0.24759                0.247147               0.246835               0.246371               0.999933              1               
621         0.228354       0      2        0.228817               0.228477               0.228239               0.227883               0.999944              1               
622         0.247398       0      3        0.247979               0.247553               0.247254               0.246807               0.999936              1               
623         0.233191       0      0        0.233724               0.233333               0.233058               0.232648               0.999937              1               
624         0.228354       0      2        0.228817               0.228477               0.228239               0.227883               0.999944              1               
625         0.233191       0      0        0.233724               0.233333               0.233058               0.232648               0.999937              1               
626         0.247398       0      3        0.247979               0.247553               0.247254               0.246807               0.999936              1               
627         0.228354       0      2        0.228817               0.228477               0.228239               0.227883               0.999944              1               
628         0.233191       0      0        0.233724               0.233333               0.233058               0.232648               0.999937              1               
629         0.247398       0      3        0.247979               0.247553               0.247254               0.246807               0.999936              1               
630         0.246986       0      1        0.24759                0.247147               0.246835               0.246371               0.999933              1               
631         0.246986       0      1        0.24759                0.247147               0.246835               0.246371               0.999933              1               
632         0.247398       0      3        0.247979               0.247553               0.247254               0.246807               0.999936              1               
633         0.228354       0      2        0.228817               0.228477               0.228239               0.227883               0.999944              1               
634         0.247398       0      3        0.247979               0.247553               0.247254               0.246807               0.999936              1               
635         0.228354       0      2        0.228817               0.228477               0.228239               0.227883               0.999944              1               
636         0.228354       0      2        0.228817               0.228477               0.228239               0.227883               0.999944              1               
637         0.233191       0      0        0.233724               0.233333               0.233058               0.232648               0.999937              1               
638         0.233191       0      0        0.233724               0.233333               0.233058               0.232648               0.999937              1               
639         0.246986       0      1        0.24759                0.247147               0.246835               0.246371               0.999933              1               
640         0.233191       0      0        0.233724               0.233333               0.233058               0.232648               0.999937              1               
641         0.233191       0      0        0.233724               0.233333               0.233058               0.232648               0.999937              1               
642         0.247398       0      3        0.247979               0.247553               0.247254               0.246807               0.999936              1               
643         0.000149599    0      30       0.000142316            0.000147665            0.000151415            0.000157001            1.00134               2               
644         0.228354       0      2        0.228817               0.228477               0.228239               0.227883               0.999944              1               
645         0.246986       0      1        0.24759                0.247147               0.246835               0.246371               0.999933              1               
646         0.228354       0      2        0.228817               0.228477               0.228239               0.227883               0.999944              1               
647         0.247398       0      3        0.247979               0.247553               0.247254               0.246807               0.999936              1               
648         0.246986       0      1        0.24759                0.247147               0.246835               0.246371               0.999933              1               
649         0.233191       0      0        0.233724               0.233333               0.233058               0.232648               0.999937              1               
650         0.228354       0      2        0.228817               0.228477               0.228239               0.227883               0.999944              1               
651         0.246986       0      1        0.24759                0.247147               0.246835               0.246371               0.999933              1               
652         0.247398       0      3        0.247979               0.247553               0.247254               0.246807               0.999936              1               
653         0.228354       0      2        0.228817               0.228477               0.228239               0.227883               0.999944              1               
654         0.228354       0      2        0.228817               0.228477               0.228239               0.227883               0.999944              1               
655         0.247398       0      3        0.247979               0.247553               0.247254               0.246807               0.999936              1               
656         0.233191       0      0        0.233724               0.233333               0.233058               0.232648               0.999937              1               
657         0.247398       0      3        0.247979               0.247553               0.247254               0.246807               0.999936              1               
658         0.247398       0      3        0.247979               0.247553               0.247254               0.246807               0.999936              1               
659         0.228354       0      2        0.228817               0.228477               0.228239               0.227883               0.999944              1               
660         0.233191       0      0        0.233724               0.233333               0.233058               0.232648               0.999937              1               
661         0.247398       0      3        0.247979               0.247553               0.247254               0.246807               0.999936              1               
662         0.228354       0      2        0.228817               0.228477               0.228239               0.227883               0.999944              1               
663         0.000223586    0      31       0.000212754            0.00022071             0.000226288            0.000234591            1.00133               2               
664         0.233191       0      0        0.233724               0.233333               0.233058               0.232648               0.999937              1               
665         0.233191       0      0        0.233724               0.233333               0.233058               0.232648               0.999937              1               
666         0.246986       0      1        0.24759                0.247147               0.246835               0.246371               0.999933              1               
667         0.247398       0      3        0.247979               0.247553               0.247254               0.246807               0.999936              1               
668         0.246986       0      1        0.24759                0.247147               0.246835               0.246371               0.999933              1               
669         0.247398       0      3        0.247979               0.247553               0.247254               0.246807               0.999936              1               
670         0.247398       0      3        0.247979               0.247553               0.247254               0.246807               0.999936              1               
671         0.228354       0      2        0.228817               0.228477               0.228239               0.227883               0.999944              1               
672         0.247398       0      3        0.247979               0.247553               0.247254               0.246807               0.999936              1               
673         0.246986       0      1        0.24759                0.247147               0.246835               0.246371               0.999933              1               
674         0.246986       0      1        0.24759                0.247147               0.246835               0.246371               0.999933              1               
675         0.247398       0      3        0.247979               0.247553               0.247254               0.246807               0.999936              1               
676         0.247398       0      3        0.247979               0.247553               0.247254               0.246807               0.999936              1               
677         0.246986       0      1        0.24759                0.247147               0.246835               0.246371               0.999933              1               
678         0.246986       0      1        0.24759                0.247147               0.246835               0.246371               0.999933              1               
679         0.233191       0      0        0.233724               0.233333               0.233058               0.232648               0.999937              1               
680         0.228354       0      2        0.228817               0.228477               0.228239               0.227883               0.999944              1               
681         0.246986       0      1        0.24759                0.247147               0.246835               0.246371               0.999933              1               
682         0.246986       0      1        0.24759                0.247147               0.246835               0.246371               0.999933              1               
683         0.247398       0      3        0.247979               0.247553               0.247254               0.246807               0.999936              1               
684         0.228354       0      2        0.228817               0.228477               0.228239               0.227883               0.999944              1               
685         0.228354       0      2        0.228817               0.228477               0.228239               0.227883               0.999944              1               
686         0.233191       0      0        0.233724               0.233333               0.233058               0.232648               0.999937              1               
687         0.247398       0      3        0.247979               0.247553               0.247254               0.246807               0.999936              1               
688         0.233191       0      0        0.233724               0.233333               0.233058               0.232648               0.999937              1               
689         0.228354       0      2        0.228817               0.228477               0.228239               0.227883               0.999944              1               
690         0.233191       0      0        0.233724               0.233333               0.233058               0.232648               0.999937              1               
691         0.233191       0      0        0.233724               0.233333               0.233058               0.232648               0.999937              1               
692         0.228354       0      2        0.228817               0.228477               0.228239               0.227883               0.999944              1               
693         0.233191       0      0        0.233724               0.233333               0.233058               0.232648               0.999937              1               
694         0.233191       0      0        0.233724               0.233333               0.233058               0.232648               0.999937              1               
695         0.246986       0      1        0.24759                0.247147               0.246835               0.246371               0.999933              1               
696         0.228354       0      2        0.228817               0.228477               0.228239               0.227883               0.999944              1               
697         0.246986       0      1        0.24759                0.247147               0.246835               0.246371               0.999933              1               
698         0.233191       0      0        0.233724               0.233333               0.233058               0.232648               0.999937              1               
699         0.247398       0      3        0.247979               0.247553               0.247254               0.246807               0.999936              1               
700         0.228354       0      2        0.228817               0.228477               0.228239               0.227883               0.999944              1               
701         0.228354       0      2        0.228817               0.228477               0.228239               0.227883               0.999944              1               
702         0.233191       0      0        0.233724               0.233333               0.233058               0.232648               0.999937              1               
703         0.246986       0      1        0.24759                0.247147               0.246835               0.246371               0.999933              1               
704         0.233191       0      0        0.233724               0.233333               0.233058               0.232648               0.999937              1               
705         0.233191       0      0        0.233724               0.233333               0.233058               0.232648               0.999937              1               
706         0.000148772    0      32       0.000141572            0.00014686             0.000150568            0.000156086            1.00133               2               
707         0.246986       0      1        0.24759                0.247147               0.246835               0.246371               0.999933              1               
708         0.228354       0      2        0.228817               0.228477               0.228239               0.227883               0.999944              1               
709         0.246986       0      1        0.24759                0.247147               0.246835               0.246371               0.999933              1               
710         0.246986       0      1        0.24759                0.247147               0.246835               0.246371               0.999933              1               
711         0.247398       0      3        0.247979               0.247553               0.247254               0.246807               0.999936              1               
712         0.228354       0      2        0.228817               0.228477               0.228239               0.227883               0.999944              1               
713         0.247398       0      3        0.247979               0.247553               0.247254               0.246807               0.999936              1               
714         0.247398       0      3        0.247979               0.247553               0.247254               0.246807               0.999936              1               
715         0.233191       0      0        0.233724               0.233333               0.233058               0.232648               0.999937              1               
716         0.247398       0      3        0.247979               0.247553               0.247254               0.246807               0.999936              1               
717         0.246986       0      1        0.24759                0.247147               0.246835               0.246371               0.999933              1               
718         0.246986       0      1        0.24759                0.247147               0.246835               0.246371               0.999933              1               
719         0.246986       0      1        0.24759                0.247147               0.246835               0.246371               0.999933              1               
720         0.247398       0      3        0.247979               0.247553               0.247254               0.246807               0.999936              1               
721         0.247398       0      3        0.247979               0.247553               0.247254               0.246807               0.999936              1               
722         0.246986       0      1        0.24759                0.247147               0.246835               0.246371               0.999933              1               
723         0.233191       0      0        0.233724               0.233333               0.233058               0.232648               0.999937              1               
724         0.246986       0      1        0.24759                0.247147               0.246835               0.246371               0.999933              1               
725         0.233191       0      0        0.233724               0.233333               0.233058               0.232648               0.999937              1               
726         0.228354       0      2        0.228817               0.228477               0.228239               0.227883               0.999944              1               
727         0.247398       0      3        0.247979               0.247553               0.247254               0.246807               0.999936              1               
728         0.233191       0      0        0.233724               0.233333               0.233058               0.232648               0.999937              1               
729         0.233191       0      0        0.233724               0.233333               0.233058               0.232648               0.999937              1               
730         0.233191       0      0        0.233724               0.233333               0.233058               0.232648               0.999937              1               
731         0.228354       0      2        0.228817               0.228477               0.228239               0.227883               0.999944              1               
732         0.246986       0      1        0.24759                0.247147               0.246835               0.246371               0.999933              1               
733         0.000127422    0      33       0.000121255            0.000125785            0.000128961            0.000133688            1.00133               2               
734         0.233191       0      0        0.233724               0.233333               0.233058               0.232648               0.999937              1               
735         0.228354       0      2        0.228817               0.228477               0.228239               0.227883               0.999944              1               
736         0.233191       0      0        0.233724               0.233333               0.233058               0.232648               0.999937              1               
737         0.228354       0      2        0.228817               0.228477               0.228239               0.227883               0.999944              1               
738         0.228354       0      2        0.228817               0.228477               0.228239               0.227883               0.999944              1               
739         0.233191       0      0        0.233724               0.233333               0.233058               0.232648               0.999937              1               
740         0.247398       0      3        0.247979               0.247553               0.247254               0.246807               0.999936              1               
741         0.246986       0      1        0.24759                0.247147               0.246835               0.246371               0.999933              1               
742         0.246986       0      1        0.24759                0.247147               0.246835               0.246371               0.999933              1               
743         0.228354       0      2        0.228817               0.228477               0.228239               0.227883               0.999944              1               
744         0.233191       0      0        0.233724               0.233333               0.233058               0.232648               0.999937              1               
745         0.233191       0      0        0.233724               0.233333               0.233058               0.232648               0.999937              1               
746         0.247398       0      3        0.247979               0.247553               0.247254               0.246807               0.999936              1               
747         0.246986       0      1        0.24759                0.247147               0.246835               0.246371               0.999933              1               
748         0.228354       0      2        0.228817               0.228477               0.228239               0.227883               0.999944              1               
749         0.233191       0      0        0.233724               0.233333               0.233058               0.232648               0.999937              1               
750         0.233191       0      0        0.233724               0.233333               0.233058               0.232648               0.999937              1               
751         0.228354       0      2        0.228817               0.228477               0.228239               0.227883               0.999944              1               
752         0.233191       0      0        0.233724               0.233333               0.233058               0.232648               0.999937              1               
753         0.246986       0      1        0.24759                0.247147               0.246835               0.246371               0.999933              1               
754         0.246986       0      1        0.24759                0.247147               0.246835               0.246371               0.999933              1               
755         0.228354       0      2        0.228817               0.228477               0.228239               0.227883               0.999944              1               
756         0.228354       0      2        0.228817               0.228477               0.228239               0.227883               0.999944              1               
757         0.233191       0      0        0.233724               0.233333               0.233058               0.232648               0.999937              1               
758         0.246986       0      1        0.24759                0.247147               0.246835               0.246371               0.999933              1               
759         0.246986       0      1        0.24759                0.247147               0.246835               0.246371               0.999933              1               
760         0.228354       0      2        0.228817               0.228477               0.228239               0.227883               0.999944              1               
761         0.246986       0      1        0.24759                0.247147               0.246835               0.246371               0.999933              1               
762         0.228354       0      2        0.228817               0.228477               0.228239               0.227883               0.999944              1               
763         6.40038e-05    0      34       6.08889e-05            6.31764e-05            6.47805e-05            6.71694e-05            1.00134               2               
764         0.233191       0      0        0.233724               0.233333               0.233058               0.232648               0.999937              1               
765         0.228354       0      2        0.228817               0.228477               0.228239               0.227883               0.999944              1               
766         0.246986       0      1        0.24759                0.247147               0.246835               0.246371               0.999933              1               
767         0.247398       0      3        0.247979               0.247553               0.247254               0.246807               0.999936              1               
768         0.233191       0      0        0.233724               0.233333               0.233058               0.232648               0.999937              1               
769         0.233191       0      0        0.233724               0.233333               0.233058               0.232648               0.999937              1               
770         0.233191       0      0        0.233724               0.233333               0.233058               0.232648               0.999937              1               
771         0.233191       0      0        0.233724               0.233333               0.233058               0.232648               0.999937              1               
772         0.246986       0      1        0.24759                0.247147               0.246835               0.246371               0.999933              1               
773         0.247398       0      3        0.247979               0.247553               0.247254               0.246807               0.999936              1               
774         0.233191       0      0        0.233724               0.233333               0.233058               0.232648               0.999937              1               
775         0.228354       0      2        0.228817               0.228477               0.228239               0.227883               0.999944              1               
776         0.246986       0      1        0.24759                0.247147               0.246835               0.246371               0.999933              1               
777         0.000191283    0      9        0.000182038            0.000188829            0.00019359             0.000200676            1.00133               2               
778         0.233191       0      0        0.233724               0.233333               0.233058               0.232648               0.999937              1               
779         0.233191       0      0        0.233724               0.233333               0.233058               0.232648               0.999937              1               
780         0.233191       0      0        0.233724               0.233333               0.233058               0.232648               0.999937              1               
781         0.247398       0      3        0.247979               0.247553               0.247254               0.246807               0.999936              1               
782         0.246986       0      1        0.24759                0.247147               0.246835               0.246371               0.999933              1               
783         0.228354       0      2        0.228817               0.228477               0.228239               0.227883               0.999944              1               
784         0.228354       0      2        0.228817               0.228477               0.228239               0.227883               0.999944              1               
785         0.247398       0      3        0.247979               0.247553               0.247254               0.246807               0.999936              1               
786         0.233191       0      0        0.233724               0.233333               0.233058               0.232648               0.999937              1               
787         0.247398       0      3        0.247979               0.247553               0.247254               0.246807               0.999936              1               
788         0.228354       0      2        0.228817               0.228477               0.228239               0.227883               0.999944              1               
789         0.247398       0      3        0.247979               0.247553               0.247254               0.246807               0.999936              1               
790         0.228354       0      2        0.228817               0.228477               0.228239               0.227883               0.999944              1               
791         0.246986       0      1        0.24759                0.247147               0.246835               0.246371               0.999933              1               
792         0.233191       0      0        0.233724               0.233333               0.233058               0.232648               0.999937              1               
793         0.247398       0      3        0.247979               0.247553               0.247254               0.246807               0.999936              1               
794         0.247398       0      3        0.247979               0.247553               0.247254               0.246807               0.999936              1               
795         0.233191       0      0        0.233724               0.233333               0.233058               0.232648               0.999937              1               
796         0.233191       0      0        0.233724               0.233333               0.233058               0.232648               0.999937              1               
797         0.233191       0      0        0.233724               0.233333               0.233058               0.232648               0.999937              1               
798         0.247398       0      3        0.247979               0.247553               0.247254               0.246807               0.999936              1               
799         0.246986       0      1        0.24759                0.247147               0.246835               0.246371               0.999933              1               
800         0.233191       0      0        0.233724               0.233333               0.233058               0.232648               0.999937              1               
801         0.247398       0      3        0.247979               0.247553               0.247254               0.246807               0.999936              1               
802         0.246986       0      1        0.24759                0.247147               0.246835               0.246371               0.999933              1               
803         0.246986       0      1        0.24759                0.247147               0.246835               0.246371               0.999933              1               
804         0.233191       0      0        0.233724               0.233333               0.233058               0.232648               0.999937              1               
805         0.233191       0      0        0.233724               0.233333               0.233058               0.232648               0.999937              1               
806         0.228354       0      2        0.228817               0.228477               0.228239               0.227883               0.999944              1               
807         0.247398       0      3        0.247979               0.247553               0.247254               0.246807               0.999936              1               
808         0.228354       0      2        0.228817               0.228477               0.228239               0.227883               0.999944              1               
809         0.233191       0      0        0.233724               0.233333               0.233058               0.232648               0.999937              1               
810         0.246986       0      1        0.24759                0.247147               0.246835               0.246371               0.999933              1               
811         0.247398       0      3        0.247979               0.247553               0.247254               0.246807               0.999936              1               
812         0.233191       0      0        0.233724               0.233333               0.233058               0.232648               0.999937              1               
813         0.228354       0      2        0.228817               0.228477               0.228239               0.227883               0.999944              1               
814         0.228354       0      2        0.228817               0.228477               0.228239               0.227883               0.999944              1               
815         0.246986       0      1        0.24759                0.247147               0.246835               0.246371               0.999933              1               
816         0.228354       0      2        0.228817               0.228477               0.228239               0.227883               0.999944              1               
817         0.233191       0      0        0.233724               0.233333               0.233058               0.232648               0.999937              1               
818         0.246986       0      1        0.24759                0.247147               0.246835               0.246371               0.999933              1               
819         0.247398       0      3        0.247979               0.247553               0.247254               0.246807               0.999936              1               
820         0.247398       0      3        0.247979               0.247553               0.247254               0.246807               0.999936              1               
821         0.228354       0      2        0.228817               0.228477               0.228239               0.227883               0.999944              1               
822         0.247398       0      3        0.247979               0.247553               0.247254               0.246807               0.999936              1               
823         0.247398       0      3        0.247979               0.247553               0.247254               0.246807               0.999936              1               
824         0.228354       0      2        0.228817               0.228477               0.228239               0.227883               0.999944              1               
825         0.246986       0      1        0.24759                0.247147               0.246835               0.246371               0.999933              1               
826         0.247398       0      3        0.247979               0.247553               0.247254               0.246807               0.999936              1               
827         0.246986       0      1        0.24759                0.247147               0.246835               0.246371               0.999933              1               
828         0.246986       0      1        0.24759                0.247147               0.246835               0.246371               0.999933              1               
829         0.233191       0      0        0.233724               0.233333               0.233058               0.232648               0.999937              1               
830         0.246986       0      1        0.24759                0.247147               0.246835               0.246371               0.999933              1               
831         0.228354       0      2        0.228817               0.228477               0.228239               0.227883               0.999944              1               
832         0.246986       0      1        0.24759                0.247147               0.246835               0.246371               0.999933              1               
833         0.247398       0      3        0.247979               0.247553               0.247254               0.246807               0.999936              1               
834         0.247398       0      3        0.247979               0.247553               0.247254               0.246807               0.999936              1               
835         0.247398       0      3        0.247979               0.247553               0.247254               0.246807               0.999936              1               
836         0.246986       0      1        0.24759                0.247147               0.246835               0.246371               0.999933              1               
837         0.246986       0      1        0.24759                0.247147               0.246835               0.246371               0.999933              1               
838         0.228354       0      2        0.228817               0.228477               0.228239               0.227883               0.999944              1               
839         0.228354       0      2        0.228817               0.228477               0.228239               0.227883               0.999944              1               
840         0.247398       0      3        0.247979               0.247553               0.247254               0.246807               0.999936              1               
841         0.233191       0      0        0.233724               0.233333               0.233058               0.232648               0.999937              1               
842         0.233191       0      0        0.233724               0.233333               0.233058               0.232648               0.999937              1               
843         0.246986       0      1        0.24759                0.247147               0.246835               0.246371               0.999933              1               
844         0.233191       0      0        0.233724               0.233333               0.233058               0.232648               0.999937              1               
845         0.246986       0      1        0.24759                0.247147               0.246835               0.246371               0.999933              1               
846         0.247398       0      3        0.247979               0.247553               0.247254               0.246807               0.999936              1               
847         0.233191       0      0        0.233724               0.233333               0.233058               0.232648               0.999937              1               
848         0.247398       0      3        0.247979               0.247553               0.247254               0.246807               0.999936              1               
849         0.228354       0      2        0.228817               0.228477               0.228239               0.227883               0.999944              1               
850         0.246986       0      1        0.24759                0.247147               0.246835               0.246371               0.999933              1               
851         0.247398       0      3        0.247979               0.247553               0.247254               0.246807               0.999936              1               
852         0.228354       0      2        0.228817               0.228477               0.228239               0.227883               0.999944              1               
853         0.233191       0      0        0.233724               0.233333               0.233058               0.232648               0.999937              1               
854         0.246986       0      1        0.24759                0.247147               0.246835               0.246371               0.999933              1               
855         0.233191       0      0        0.233724               0.233333               0.233058               0.232648               0.999937              1               
856         0.247398       0      3        0.247979               0.247553               0.247254               0.246807               0.999936              1               
857         0.233191       0      0        0.233724               0.233333               0.233058               0.232648               0.999937              1               
858         0.228354       0      2        0.228817               0.228477               0.228239               0.227883               0.999944              1               
859         0.247398       0      3        0.247979               0.247553               0.247254               0.246807               0.999936              1               
860         0.228354       0      2        0.228817               0.228477               0.228239               0.227883               0.999944              1               
861         0.233191       0      0        0.233724               0.233333               0.233058               0.232648               0.999937              1               
862         0.228354       0      2        0.228817               0.228477               0.228239               0.227883               0.999944              1               
863         0.246986       0      1        0.24759                0.247147               0.246835               0.246371               0.999933              1               
864         0.247398       0      3        0.247979               0.247553               0.247254               0.246807               0.999936              1               
865         0.247398       0      3        0.247979               0.247553               0.247254               0.246807               0.999936              1               
866         0.247398       0      3        0.247979               0.247553               0.247254               0.246807               0.999936              1               
867         0.233191       0      0        0.233724               0.233333               0.233058               0.232648               0.999937              1               
868         0.228354       0      2        0.228817               0.228477               0.228239               0.227883               0.999944              1               
869         0.246986       0      1        0.24759                0.247147               0.246835               0.246371               0.999933              1               
870         0.233191       0      0        0.233724               0.233333               0.233058               0.232648               0.999937              1               
871         0.233191       0      0        0.233724               0.233333               0.233058               0.232648               0.999937              1               
872         0.247398       0      3        0.247979               0.247553               0.247254               0.246807               0.999936              1               
873         0.228354       0      2        0.228817               0.228477               0.228239               0.227883               0.999944              1               
874         0.233191       0      0        0.233724               0.233333               0.233058               0.232648               0.999937              1               
875         0.228354       0      2        0.228817               0.228477               0.228239               0.227883               0.999944              1               
876         0.246986       0      1        0.24759                0.247147               0.246835               0.246371               0.999933              1               
877         0.228354       0      2        0.228817               0.228477               0.228239               0.227883               0.999944              1               
878         0.228354       0      2        0.228817               0.228477               0.228239               0.227883               0.999944              1               
879         0.233191       0      0        0.233724               0.233333               0.233058               0.232648               0.999937              1               
880         0.246986       0      1        0.24759                0.247147               0.246835               0.246371               0.999933              1               
881         0.233191       0      0        0.233724               0.233333               0.233058               0.232648               0.999937              1               
882         0.228354       0      2        0.228817               0.228477               0.228239               0.227883               0.999944              1               
883         0.233191       0      0        0.233724               0.233333               0.233058               0.232648               0.999937              1               
884         0.246986       0      1        0.24759                0.247147               0.246835               0.246371               0.999933              1               
885         0.246986       0      1        0.24759                0.247147               0.246835               0.246371               0.999933              1               
886         0.246986       0      1        0.24759                0.247147               0.246835               0.246371               0.999933              1               
887         0.000341149    0      35       0.000324619            0.000336761            0.000345272            0.000357945            1.00133               2               
888         0.233191       0      0        0.233724               0.233333               0.233058               0.232648               0.999937              1               
889         0.246986       0      1        0.24759                0.247147               0.246835               0.246371               0.999933              1               
890         0.246986       0      1        0.24759                0.247147               0.246835               0.246371               0.999933              1               
891         0.246986       0      1        0.24759                0.247147               0.246835               0.246371               0.999933              1               
892         0.246986       0      1        0.24759                0.247147               0.246835               0.246371               0.999933              1               
893         0.247398       0      3        0.247979               0.247553               0.247254               0.246807               0.999936              1               
894         0.247398       0      3        0.247979               0.247553               0.247254               0.246807               0.999936              1               
895         0.228354       0      2        0.228817               0.228477               0.228239               0.227883               0.999944              1               
896         0.247398       0      3        0.247979               0.247553               0.247254               0.246807               0.999936              1               
897         0.247398       0      3        0.247979               0.247553               0.247254               0.246807               0.999936              1               
898         0.228354       0      2        0.228817               0.228477               0.228239               0.227883               0.999944              1               
899         0.247398       0      3        0.247979               0.247553               0.247254               0.246807               0.999936              1               
900         0.228354       0      2        0.228817               0.228477               0.228239               0.227883               0.999944              1               
901         0.246986       0      1        0.24759                0.247147               0.246835               0.246371               0.999933              1               
902         0.228354       0      2        0.228817               0.228477               0.228239               0.227883               0.999944              1               
903         7.43854e-05    0      36       7.0783e-05             7.34291e-05            7.52841e-05            7.80457e-05            1.00133               2               
904         0.000513451    0      37       0.000488525            0.000506832            0.000519668            0.00053878             1.00133               2               
905         0.246986       0      1        0.24759                0.247147               0.246835               0.246371               0.999933              1               
906         0.246986       0      1        0.24759                0.247147               0.246835               0.246371               0.999933              1               
907         0.228354       0      2        0.228817               0.228477               0.228239               0.227883               0.999944              1               
908         0.247398       0      3        0.247979               0.247553               0.247254               0.246807               0.999936              1               
909         0.247398       0      3        0.247979               0.247553               0.247254               0.246807               0.999936              1               
910         0.246986       0      1        0.24759                0.247147               0.246835               0.246371               0.999933              1               
911         0.233191       0      0        0.233724               0.233333               0.233058               0.232648               0.999937              1               
912         0.228354       0      2        0.228817               0.228477               0.228239               0.227883               0.999944              1               
913         0.228354       0      2        0.228817               0.228477               0.228239               0.227883               0.999944              1               
914         0.228354       0      2        0.228817               0.228477               0.228239               0.227883               0.999944              1               
915         0.247398       0      3        0.247979               0.247553               0.247254               0.246807               0.999936              1               
916         0.246986       0      1        0.24759                0.247147               0.246835               0.246371               0.999933              1               
917         0.233191       0      0        0.233724               0.233333               0.233058               0.232648               0.999937              1               
918         0.247398       0      3        0.247979               0.247553               0.247254               0.246807               0.999936              1               
919         0.247398       0      3        0.247979               0.247553               0.247254               0.246807               0.999936              1               
920         0.228354       0      2        0.228817               0.228477               0.228239               0.227883               0.999944              1               
921         0.233191       0      0        0.233724               0.233333               0.233058               0.232648               0.999937              1               
922         0.246986       0      1        0.24759                0.247147               0.246835               0.246371               0.999933              1               
923         0.246986       0      1        0.24759                0.247147               0.246835               0.246371               0.999933              1               
924         0.228354       0      2        0.228817               0.228477               0.228239               0.227883               0.999944              1               
925         0.000149692    0      38       0.000142404            0.000147756            0.00015151             0.000157099            1.00134               2               
926         0.246986       0      1        0.24759                0.247147               0.246835               0.246371               0.999933              1               
927         0.228354       0      2        0.228817               0.228477               0.228239               0.227883               0.999944              1               
928         0.228354       0      2        0.228817               0.228477               0.228239               0.227883               0.999944              1               
929         0.228354       0      2        0.228817               0.228477               0.228239               0.227883               0.999944              1               
930         0.233191       0      0        0.233724               0.233333               0.233058               0.232648               0.999937              1               
931         0.246986       0      1        0.24759                0.247147               0.246835               0.246371               0.999933              1               
932         0.247398       0      3        0.247979               0.247553               0.247254               0.246807               0.999936              1               
933         0.246986       0      1        0.24759                0.247147               0.246835               0.246371               0.999933              1               
934         0.228354       0      2        0.228817               0.228477               0.228239               0.227883               0.999944              1               
935         0.228354       0      2        0.228817               0.228477               0.228239               0.227883               0.999944              1               
936         0.246986       0      1        0.24759                0.247147               0.246835               0.246371               0.999933              1               
937         0.228354       0      2        0.228817               0.228477               0.228239               0.227883               0.999944              1               
938         0.228354       0      2        0.228817               0.228477               0.228239               0.227883               0.999944              1               
939         0.228354       0      2        0.228817               0.228477               0.228239               0.227883               0.999944              1               
940         0.247398       0      3        0.247979               0.247553               0.247254               0.246807               0.999936              1               
941         0.246986       0      1        0.24759                0.247147               0.246835               0.246371               0.999933              1               
942         0.247398       0      3        0.247979               0.247553               0.247254               0.246807               0.999936              1               
943         0.247398       0      3        0.247979               0.247553               0.247254               0.246807               0.999936              1               
944         0.233191       0      0        0.233724               0.233333               0.233058               0.232648               0.999937              1               
945         0.233191       0      0        0.233724               0.233333               0.233058               0.232648               0.999937              1               
946         0.233191       0      0        0.233724               0.233333               0.233058               0.232648               0.999937              1               
947         0.000192517    0      39       0.000183138            0.000190025            0.000194855            0.000202049            1.00134               2               
948         0.233191       0      0        0.233724               0.233333               0.233058               0.232648               0.999937              1               
949         0.233191       0      0        0.233724               0.233333               0.233058               0.232648               0.999937              1               
950         0.228354       0      2        0.228817               0.228477               0.228239               0.227883               0.999944              1               
951         0.246986       0      1        0.24759                0.247147               0.246835               0.246371               0.999933              1               
952         0.233191       0      0        0.233724               0.233333               0.233058               0.232648               0.999937              1               
953         0.233191       0      0        0.233724               0.233333               0.233058               0.232648               0.999937              1               
954         0.246986       0      1        0.24759                0.247147               0.246835               0.246371               0.999933              1               
955         0.00014893     0      40       0.000141716            0.000147015            0.00015073             0.000156261            1.00133               2               
956         0.228354       0      2        0.228817               0.228477               0.228239               0.227883               0.999944              1               
957         0.247398       0      3        0.247979               0.247553               0.247254               0.246807               0.999936              1               
958         0.233191       0      0        0.233724               0.233333               0.233058               0.232648               0.999937              1               
959         0.000223361    0      41       0.000212548            0.000220491            0.000226059            0.000234348            1.00133               2               
960         7.44503e-05    0      42       7.08435e-05            7.34927e-05            7.53499e-05            7.81149e-05            1.00133               2               
961         0.246986       0      1        0.24759                0.247147               0.246835               0.246371               0.999933              1               
962         0.228354       0      2        0.228817               0.228477               0.228239               0.227883               0.999944              1               
963         0.00094091     0      43       0.000895354            0.000928817            0.000952275            0.000987197            1.00133               2               
964         0.228354       0      2        0.228817               0.228477               0.228239               0.227883               0.999944              1               
965         0.233191       0      0        0.233724               0.233333               0.233058               0.232648               0.999937              1               
966         0.233191       0      0        0.233724               0.233333               0.233058               0.232648               0.999937              1               
967         0.233191       0      0        0.233724               0.233333               0.233058               0.232648               0.999937              1               
968         0.000939406    0      44       0.000893996            0.000927354            0.000950735            0.00098554             1.00133               2               
969         0.233191       0      0        0.233724               0.233333               0.233058               0.232648               0.999937              1               
970         0.246986       0      1        0.24759                0.247147               0.246835               0.246371               0.999933              1               
971         0.246986       0      1        0.24759                0.247147               0.246835               0.246371               0.999933              1               
972         0.247398       0      3        0.247979               0.247553               0.247254               0.246807               0.999936              1               
973         0.247398       0      3        0.247979               0.247553               0.247254               0.246807               0.999936              1               
974         0.233191       0      0        0.233724               0.233333               0.233058               0.232648               0.999937              1               
975         0.247398       0      3        0.247979               0.247553               0.247254               0.246807               0.999936              1               
976         0.247398       0      3        0.247979               0.247553               0.247254               0.246807               0.999936              1               
977         0.228354       0      2        0.228817               0.228477               0.228239               0.227883               0.999944              1               
978         0.233191       0      0        0.233724               0.233333               0.233058               0.232648               0.999937              1               
979         0.228354       0      2        0.228817               0.228477               0.228239               0.227883               0.999944              1               
980         0.246986       0      1        0.24759                0.247147               0.246835               0.246371               0.999933              1               
981         0.228354       0      2        0.228817               0.228477               0.228239               0.227883               0.999944              1               
982         0.233191       0      0        0.233724               0.233333               0.233058               0.232648               0.999937              1               
983         0.233191       0      0        0.233724               0.233333               0.233058               0.232648               0.999937              1               
984         0.247398       0      3        0.247979               0.247553               0.247254               0.246807               0.999936              1               
985         0.228354       0      2        0.228817               0.228477               0.228239               0.227883               0.999944              1               
986         0.228354       0      2        0.228817               0.228477               0.228239               0.227883               0.999944              1               
987         0.247398       0      3        0.247979               0.247553               0.247254               0.246807               0.999936              1               
988         0.247398       0      3        0.247979               0.247553               0.247254               0.246807               0.999936              1               
989         0.247398       0      3        0.247979               0.247553               0.247254               0.246807               0.999936              1               
990         0.247398       0      3        0.247979               0.247553               0.247254               0.246807               0.999936              1               
991         0.247398       0      3        0.247979               0.247553               0.247254               0.246807               0.999936              1               
992         0.246986       0      1        0.24759                0.247147               0.246835               0.246371               0.999933              1               
993         0.228354       0      2        0.228817               0.228477               0.228239               0.227883               0.999944              1               
994         0.246986       0      1        0.24759                0.247147               0.246835               0.246371               0.999933              1               
995         0.246986       0      1        0.24759                0.247147               0.246835               0.246371               0.999933              1               
996         0.228354       0      2        0.228817               0.228477               0.228239               0.227883               0.999944              1               
997         0.247398       0      3        0.247979               0.247553               0.247254               0.246807               0.999936              1               
998         0.247398       0      3        0.247979               0.247553               0.247254               0.246807               0.999936              1               
999         0.247398       0      3        0.247979               0.247553               0.247254               0.246807               0.999936              1               
1000        0.246986       0      1        0.24759                0.247147               0.246835               0.246371               0.999933              1               
